id,label,f01|E:url[seminar],f02|#:text[abstract],f03|#:text[location],f04|#:text[LOCATION],f05|#:text[speaker],f06|#:text[SPEAKER],f07|#:text[date|time],f08|#:text[DATE|TIME],f09|#:tag[img],f10|#:text[tbc/tba],f11|#:tag[table],f12|#:url[neg_word],f13|#:text[seminar]
127,-1,1,17,1,8,17,2,3,2,1,0,1,1,9
128,-1,0,17,1,3,17,1,2,0,1,0,1,1,2
135,-1,1,1,1,0,0,0,1,0,12,0,2,0,9
144,-1,1,1,1,0,0,0,0,0,12,0,2,1,26
194,-1,0,0,9,9,0,0,1,1,2,0,1,0,1
251,-1,0,0,1,1,2,0,4,0,0,0,0,0,0
260,-1,0,100,28,64,26,1,67,151,268,0,0,0,17
346,-1,0,0,2,3,0,0,2,2,7,0,2,0,2
1349,-1,0,0,13,1,5,4,9,4,13,0,0,0,3
1371,-1,0,0,8,0,26,3,12,2,4,0,0,0,45
1448,-1,0,0,24,13,3,0,6,8,0,0,0,0,7
1495,-1,0,0,4,2,0,0,0,0,1,0,0,0,1
1648,-1,0,0,14,8,5,0,6,0,5,0,0,0,9
1929,2,1,1,14,7,4,11,1,25,16,0,0,0,16
2028,-1,0,0,2,3,0,0,3,3,2,0,0,0,1
2370,-1,0,0,0,0,1,0,1,0,1,0,0,0,1
2382,-1,0,0,3,7,1,0,5,1,1,0,0,0,2
2391,-1,0,0,0,0,1,0,1,1,0,0,0,0,1
2394,-1,0,0,2,1,1,0,1,2,0,0,0,0,1
2433,-1,0,0,2,0,2,0,2,0,1,0,0,0,1
2434,-1,0,0,4,0,2,3,1,0,1,0,0,0,2
2448,-1,0,0,0,0,0,0,2,0,1,0,0,0,2
2467,-1,1,0,3,2,1,0,1,3,5,0,3,0,6
2534,1,2,0,9,8,0,1,7,8,3,0,0,0,15
2547,1,2,0,9,8,0,0,7,7,3,0,0,0,14
2584,-1,1,0,0,1,0,0,0,0,2,0,0,0,8
2587,-1,0,0,0,1,3,40,0,0,2,0,1,0,1
2834,-1,0,0,0,1,0,0,2,1,5,0,1,0,3
2837,-1,0,0,0,2,0,0,3,3,10,0,1,0,1
2926,2,1,0,11,6,0,12,5,24,16,0,0,0,13
2935,2,1,0,8,1,2,2,4,22,20,0,0,0,18
3002,-1,0,0,7,7,0,0,0,8,28,0,2,0,5
3004,2,2,0,3,1,0,2,0,19,13,0,1,0,17
3029,2,2,0,4,1,0,2,0,21,13,0,1,0,16
3233,-1,0,0,1,2,4,3,1,0,3,0,0,1,1
3263,-1,0,1,4,4,6,0,10,23,12,0,0,1,6
3422,-1,0,1,2,3,13,1,11,3,5,0,0,1,6
3423,-1,0,1,3,2,11,0,6,0,7,0,0,1,6
3453,-1,0,1,2,1,1,0,0,0,8,0,0,1,5
3465,-1,0,1,2,0,1,0,0,0,8,0,0,1,6
3561,-1,0,12,23,5,14,0,3,15,14,0,0,0,14
3709,-1,0,1,2,0,1,0,0,0,18,0,0,1,5
3712,-1,0,1,3,0,1,1,0,3,10,0,0,1,9
3838,-1,0,0,1,2,3,1,0,1,1,0,0,1,0
3885,-1,0,6,2,3,1,2,0,0,0,0,0,1,0
3891,-1,0,0,1,2,2,2,0,0,0,0,0,1,0
3933,-1,0,0,1,2,4,2,1,8,4,0,0,1,6
3951,-1,0,0,11,0,0,0,16,0,2,0,0,0,0
3966,-1,0,0,1,2,4,0,2,4,1,0,0,1,6
3974,-1,1,0,1,3,6,0,0,3,1,0,0,1,10
4285,-1,0,0,1,1,2,0,0,0,3,0,0,1,1
4344,-1,0,1,11,0,0,0,15,0,3,0,1,0,0
4368,-1,0,0,5,15,2,0,1,1,3,0,2,0,0
4582,-1,0,0,26,25,0,0,8,2,3,0,3,0,2
4886,-1,1,0,6,7,1,12,4,25,0,0,0,0,7
5844,-1,0,0,0,1,0,0,1,5,5,0,0,0,2
6826,-1,0,0,2,0,0,0,0,0,2,0,3,0,0
6959,-1,0,1,0,1,0,0,2,3,1,0,0,0,0
7164,-1,0,0,1,0,14,11,4,2,5,0,0,0,1
7317,-1,0,1,0,0,3,4,0,0,0,0,0,0,1
7340,-1,0,3,1,0,2,0,3,1,2,0,0,0,1
7643,-1,0,0,0,0,0,0,0,0,36,0,6,0,0
8124,-1,0,1,0,0,1,0,1,0,12,0,0,0,0
8370,-1,0,0,0,0,0,0,1,0,1,0,0,0,0
8953,-1,0,0,2,0,0,3,0,0,4,0,0,0,0
9856,-1,0,0,2,1,0,0,1,0,4,0,0,0,2
9936,-1,0,0,2,2,0,0,4,0,6,0,0,0,0
10437,-1,0,0,4,1,1,0,26,2,6,0,0,0,5
10507,-1,0,0,4,2,0,0,26,0,9,0,0,0,3
10623,-1,0,0,5,7,0,0,4,0,6,0,0,0,0
11049,2,3,0,24,11,2,3,3,10,10,0,1,0,16
11051,2,2,0,24,10,8,4,2,10,10,0,1,0,21
11055,1,2,0,3,0,2,0,2,1,10,0,1,0,8
11060,2,3,0,14,6,2,7,2,6,18,0,1,0,26
11062,-1,3,0,18,8,1,0,3,8,18,0,1,0,28
11072,-1,0,0,4,0,0,2,0,2,11,0,0,0,3
11342,1,1,2,15,4,3,0,16,3,16,0,15,0,14
11404,-1,1,0,6,3,0,0,12,0,2,0,0,0,4
11558,-1,0,0,3,0,0,0,12,0,3,0,0,0,0
12592,-1,0,0,3,3,0,0,0,1,6,0,2,0,2
12748,-1,0,0,3,0,0,0,1,0,7,0,0,0,5
12761,-1,0,1,34,4,33,6,31,50,26,0,0,0,6
12883,-1,0,0,2,5,5,1,5,2,4,0,0,0,4
12946,-1,0,0,0,0,1,0,1,3,4,0,0,0,5
12954,-1,1,0,2,0,9,18,7,24,1,0,1,0,6
13010,2,0,3,6,4,13,0,7,12,5,0,0,1,2
13013,2,0,3,6,4,13,0,7,12,5,0,0,1,2
13021,2,0,1,6,8,11,0,7,10,7,0,0,1,3
13025,-1,0,1,3,4,7,0,7,5,5,0,0,1,2
13028,-1,0,1,8,12,7,0,7,8,5,0,0,1,2
13054,-1,0,1,3,5,7,0,7,8,5,0,0,1,3
13151,-1,0,1,3,12,7,0,7,5,6,0,0,1,2
13248,-1,0,1,4,14,8,0,9,14,9,0,0,1,4
13304,-1,0,1,3,4,7,0,8,4,5,0,0,1,2
13308,1,0,2,11,7,11,0,8,10,5,0,0,1,4
13358,-1,0,1,3,5,7,0,10,10,5,0,0,1,2
13407,-1,0,1,3,8,7,0,16,28,8,0,0,1,2
13413,-1,0,1,3,5,7,0,10,11,5,0,0,1,2
13416,1,0,1,6,6,7,0,7,5,5,0,0,1,2
13514,-1,0,1,3,6,7,0,7,4,6,0,0,1,3
13575,-1,0,1,3,4,7,0,9,8,5,0,0,1,2
13587,-1,0,1,3,7,7,0,7,7,5,0,0,1,2
13612,-1,0,1,19,73,5,3,14,45,56,0,0,2,2
13613,-1,0,0,5,5,0,0,0,6,15,0,0,1,0
13694,-1,0,1,3,5,7,0,9,8,9,0,0,1,2
13695,-1,0,1,3,10,7,0,21,6,20,0,0,1,2
13752,-1,0,0,0,1,0,0,4,0,1,0,0,0,0
13773,-1,0,1,19,31,9,0,22,33,19,0,0,1,2
14021,-1,0,1,7,11,7,0,7,8,5,0,0,1,2
14044,-1,0,1,3,12,7,0,7,4,5,0,0,1,2
14081,-1,0,2,20,16,9,0,11,28,14,0,0,1,7
14086,1,0,4,25,20,13,0,16,31,19,0,0,1,2
14107,-1,0,0,1,2,1,0,1,0,1,0,0,0,6
14120,1,0,2,5,4,8,0,7,4,5,0,0,1,2
14198,-1,0,1,3,4,7,0,8,5,5,0,0,1,2
14210,1,0,1,5,4,8,0,9,5,5,0,0,1,2
14214,1,0,1,5,4,8,0,7,5,5,0,0,1,2
14218,1,0,1,5,4,8,0,7,5,5,0,0,1,2
14221,-1,0,1,3,5,7,0,7,5,5,0,0,1,2
14245,1,0,1,5,5,8,0,7,5,5,0,0,1,2
14249,-1,0,1,3,4,7,0,7,4,5,0,0,1,2
14252,-1,0,1,3,4,7,0,10,4,5,0,0,1,2
14253,1,0,1,5,5,8,0,7,5,5,0,0,1,2
14277,-1,0,1,3,4,7,0,7,15,5,0,0,1,6
14295,-1,0,1,7,7,7,0,11,7,5,0,0,1,2
14299,-1,0,1,9,13,7,0,7,4,6,0,0,1,2
14302,-1,0,1,6,4,7,0,7,4,5,0,0,1,3
14385,-1,0,2,12,7,15,0,8,8,5,0,0,1,2
14399,1,1,1,5,5,9,0,7,9,5,0,0,1,5
14404,-1,0,1,3,4,7,0,7,4,5,0,0,1,2
14435,-1,0,1,3,4,7,0,7,4,5,0,0,1,2
14437,1,0,2,11,7,11,0,8,10,5,0,0,1,4
14446,-1,0,1,4,5,7,0,7,6,5,0,0,1,2
14452,-1,0,1,4,5,7,0,7,7,5,0,0,1,2
14526,-1,0,1,3,6,7,0,7,4,5,0,0,1,2
14535,2,0,13,70,25,59,0,19,61,11,0,0,1,4
14568,-1,0,1,3,5,7,0,8,7,5,0,0,1,2
14573,-1,0,2,17,20,19,0,17,42,14,0,0,1,2
14580,2,0,4,29,19,25,0,11,43,19,0,0,1,4
14588,2,0,8,25,27,15,0,20,44,18,0,0,1,4
14687,-1,0,0,1,1,2,0,7,0,0,0,0,0,1
15589,-1,0,0,24,109,1,1,20,3,19,0,2,0,1
15840,2,2,1,33,40,3,25,5,20,17,0,0,0,114
18550,-1,0,0,2,0,1,0,2,0,4,0,0,0,3
18573,2,1,0,2,0,3,4,0,3,4,0,0,0,13
19009,-1,0,0,0,4,0,0,2,1,1,0,0,0,1
19101,1,1,0,2,1,0,0,1,1,4,0,1,0,4
19135,2,1,1,0,1,4,2,3,46,1,1,1,0,47
19442,-1,0,0,0,4,0,0,2,1,1,0,0,0,1
20019,-1,0,0,0,0,0,2,1,0,5,0,0,0,2
20040,-1,0,0,0,0,0,2,0,0,5,0,0,0,2
20389,-1,0,0,0,0,5,0,1,0,10,0,4,0,0
21317,-1,0,0,6,0,0,0,0,0,8,0,2,0,2
21396,-1,0,0,2,0,0,0,1,0,9,0,1,0,2
21565,-1,0,0,0,0,0,0,1,0,7,0,1,0,1
21675,2,1,0,2,1,3,13,2,13,5,0,1,0,3
21872,-1,0,1,3,1,1,0,2,0,6,0,0,0,1
21926,2,1,0,2,1,0,0,2,0,5,0,0,0,7
22497,-1,0,0,1,0,1,0,0,1,1,0,0,1,0
22593,-1,0,0,0,0,3,0,1,1,0,0,0,1,1
22606,-1,0,0,1,0,3,0,2,1,1,0,0,1,1
22800,-1,0,0,5,2,3,0,3,1,1,0,0,1,2
23018,1,2,1,8,6,1,0,0,1,15,0,2,0,11
23048,-1,0,0,1,0,1,0,0,1,1,0,0,1,7
23257,-1,0,1,2,4,2,2,3,28,8,0,0,1,2
23442,-1,0,0,1,0,1,0,0,4,2,0,0,1,0
23624,-1,0,0,11,2,0,0,15,1,3,0,1,0,2
23636,-1,0,3,11,0,0,0,16,0,3,0,1,0,0
23822,-1,0,0,1,0,2,0,0,4,4,0,0,1,1
23893,-1,0,2,13,2,3,3,5,33,7,0,0,1,3
23959,-1,0,1,3,2,2,2,1,28,7,0,0,1,2
23962,-1,0,1,3,2,2,2,1,28,7,0,0,1,2
23966,-1,0,1,5,2,3,2,4,29,7,0,0,1,2
24006,-1,0,2,6,2,2,2,3,28,7,0,0,1,2
24107,-1,0,1,4,2,2,2,1,31,8,0,0,1,2
24132,-1,0,1,3,2,2,2,1,28,11,0,0,1,2
24143,-1,0,1,4,2,2,2,1,29,7,0,0,1,2
24171,-1,0,1,3,2,2,2,1,29,7,0,0,1,2
24179,-1,0,1,3,2,2,2,1,28,8,0,0,1,2
24214,-1,0,1,9,2,5,2,1,28,8,0,0,1,2
24260,-1,0,1,4,2,2,2,1,32,7,0,0,1,2
24262,-1,0,9,3,2,3,2,4,28,7,0,0,1,2
24266,-1,0,1,3,2,2,2,15,28,7,0,0,1,2
24924,-1,0,0,0,1,0,0,1,0,1,0,0,0,0
25728,-1,0,0,2,0,0,0,0,1,39,0,8,0,3
25772,-1,1,0,7,1,1,1,5,0,9,0,1,0,4
26166,-1,0,0,0,0,0,0,1,0,6,0,0,0,4
26289,-1,0,0,0,0,1,0,0,0,2,0,0,0,1
26303,-1,0,0,2,0,2,0,1,3,1,0,0,0,1
26397,-1,0,1,5,4,4,5,4,2,0,0,0,0,2
26573,-1,0,0,18,0,2,0,0,0,4,0,0,1,0
26589,-1,0,0,4,0,3,0,0,1,5,0,0,1,0
26635,-1,0,0,0,0,2,0,0,1,0,0,0,1,0
26758,-1,0,1,17,22,27,2,22,15,13,0,0,1,2
26759,-1,0,2,15,5,17,3,12,15,15,0,0,1,12
27307,-1,0,1,0,0,0,0,1,0,2,0,1,0,0
29123,-1,0,1,0,1,0,0,1,0,2,0,1,0,0
29649,-1,0,1,0,1,0,0,1,0,2,0,1,0,0
29765,-1,0,1,0,1,0,0,1,0,2,0,1,0,0
30117,-1,0,1,0,0,0,0,1,0,2,0,1,0,0
31058,-1,0,0,2,0,2,0,0,0,2,0,0,1,0
31085,-1,0,2,7,4,12,0,14,1,7,0,0,0,3
31188,-1,0,0,0,0,2,0,0,0,2,0,0,0,1
31199,-1,0,0,0,0,3,0,0,0,3,0,0,0,1
31243,-1,0,0,1,1,1,0,0,5,1,0,0,0,6
31269,-1,0,1,32,14,57,7,36,31,42,0,0,0,11
31301,-1,0,0,1,0,2,3,0,6,1,0,0,0,6
31305,-1,0,0,4,0,4,0,6,5,2,0,0,0,1
31306,-1,0,0,1,0,2,4,3,6,1,0,0,0,8
31433,-1,0,1,8,8,8,6,1,10,1,0,1,1,28
31637,-1,0,0,0,0,1,0,1,2,0,0,0,1,0
32158,-1,0,0,2,0,0,0,2,1,1,0,0,0,2
32159,-1,0,0,3,0,0,0,1,0,6,0,1,0,0
32172,-1,0,0,3,0,2,2,2,0,1,0,0,0,3
32177,-1,0,0,2,0,0,0,2,1,0,0,0,0,2
32180,-1,0,0,3,0,2,2,2,0,0,0,0,0,3
32295,-1,0,0,1,0,2,0,0,0,1,0,0,1,0
32303,-1,0,0,2,0,0,0,1,0,1,0,0,0,0
32313,-1,0,0,2,0,0,0,1,0,1,0,0,0,0
32323,-1,0,0,2,0,1,0,2,0,2,0,0,0,0
32332,-1,0,0,1,0,0,0,0,4,0,0,0,0,0
32334,-1,0,0,2,0,0,0,1,0,1,0,0,0,0
32337,-1,0,0,2,1,0,0,1,0,2,0,0,0,2
32338,-1,0,0,2,0,0,0,1,0,0,0,0,0,0
32340,-1,0,0,4,0,0,0,1,2,2,0,0,0,0
32341,-1,0,0,2,0,0,0,1,0,0,0,0,0,0
32342,-1,0,0,2,0,1,0,2,0,1,0,0,0,0
32344,-1,0,2,2,0,0,0,2,1,2,0,0,0,0
32345,-1,0,0,2,0,0,0,1,0,1,0,0,0,0
32348,-1,0,0,2,0,0,0,1,0,1,0,0,0,0
32350,-1,0,0,2,0,0,0,1,0,1,0,0,0,0
32353,-1,0,0,3,8,2,1,2,2,2,0,0,0,0
32358,-1,0,0,12,11,2,0,0,0,0,0,13,0,4
32361,-1,0,0,2,0,0,0,1,0,1,0,0,0,0
32364,-1,0,0,2,1,0,0,1,0,1,0,0,0,2
32366,-1,0,0,3,0,0,0,1,0,1,0,0,0,0
32368,-1,0,0,4,0,0,0,1,2,1,0,0,0,0
32373,-1,0,0,3,0,0,0,1,0,5,0,1,0,0
32377,-1,0,0,3,8,2,1,2,2,1,0,0,0,0
32430,-1,0,1,3,0,1,0,1,0,1,0,0,0,0
32486,-1,0,12,2,1,0,8,1,1,1,0,0,0,0
32524,-1,0,6,2,0,0,10,1,2,1,0,0,0,0
32532,-1,0,2,1,0,1,0,9,1,1,0,0,0,0
32566,-1,0,2,1,0,2,7,9,1,2,0,0,0,0
32571,-1,0,2,2,0,1,0,9,1,1,0,0,0,0
32698,-1,0,1,3,0,1,0,3,2,1,0,0,0,0
32703,-1,0,1,3,0,1,0,2,1,2,0,0,0,0
32784,-1,0,0,2,0,0,0,1,0,1,0,0,0,0
32881,-1,0,4,2,0,0,0,1,0,1,0,0,0,0
32920,-1,0,4,2,0,0,2,3,1,1,0,0,0,0
32941,-1,0,3,2,0,0,1,1,1,1,0,0,0,0
33066,-1,0,0,1,0,0,1,0,0,5,0,0,0,0
33089,-1,0,0,1,0,0,1,0,0,3,0,0,0,0
33100,2,1,1,30,27,1,8,1,0,3,11,1,0,106
33103,2,1,2,53,49,1,12,2,0,3,6,1,0,146
33104,2,1,1,50,49,1,3,0,0,3,6,1,0,97
33105,2,1,0,14,13,1,2,0,0,3,0,1,0,42
33107,2,1,0,3,2,1,0,0,0,3,0,1,0,16
33109,2,1,0,3,2,1,0,0,0,3,0,1,0,16
33112,2,1,0,15,13,1,0,1,0,3,1,1,0,37
33115,2,1,0,7,6,1,0,0,0,3,1,1,0,25
33207,-1,0,2,2,2,7,1,13,1,0,0,0,0,1
33971,1,1,0,1,0,2,0,0,4,1,0,0,1,7
34855,-1,0,0,0,0,1,0,0,0,0,0,1,1,0
34931,-1,0,0,0,0,1,0,0,0,0,0,0,1,0
34980,-1,0,0,2,0,2,0,0,0,2,0,0,1,5
34982,-1,0,0,0,0,5,4,1,0,2,0,0,1,4
35061,-1,0,0,0,0,1,0,0,0,0,0,0,1,0
35068,-1,0,0,5,7,6,0,3,0,1,0,0,1,0
35070,-1,0,0,11,5,15,9,6,18,15,0,0,1,6
35174,-1,0,0,0,0,3,0,0,1,1,0,0,1,0
35199,-1,0,0,0,0,1,0,2,2,0,0,0,1,0
35456,2,1,0,26,38,0,0,0,23,4,1,1,0,17
35850,-1,1,0,0,0,1,0,0,0,3,0,3,0,12
35975,-1,0,0,21,20,1,3,6,8,6,0,0,0,9
36481,-1,0,1,0,0,0,0,0,2,4,0,4,0,0
36774,1,1,0,11,13,2,2,11,2,8,2,0,0,20
37343,-1,2,0,19,22,2,0,12,1,12,0,0,0,16
37696,-1,0,0,10,13,2,0,11,7,13,0,0,0,13
37714,1,1,1,11,13,2,0,13,6,7,0,0,0,24
37992,1,1,1,18,16,2,1,11,3,7,0,0,0,17
38182,-1,0,0,10,13,2,0,11,0,8,2,0,0,10
38391,2,1,9,16,13,2,0,23,9,7,1,0,0,36
38860,2,1,10,12,13,2,2,21,10,7,0,0,0,22
38864,2,1,10,25,27,2,1,21,11,7,2,0,0,21
39258,2,1,6,11,13,2,0,24,6,7,0,0,0,31
39259,2,1,10,18,13,2,0,23,10,7,0,0,0,39
39260,2,1,10,14,13,2,0,29,11,7,0,0,0,41
39262,2,1,11,13,13,2,0,25,10,7,1,0,0,35
39263,2,1,11,11,13,2,0,22,10,7,0,0,0,40
39264,2,1,11,12,13,3,0,24,10,7,0,0,0,43
39265,2,1,10,14,13,2,0,24,11,7,0,0,0,37
39408,2,1,12,14,13,2,0,25,10,7,0,0,0,36
39426,2,1,10,11,13,2,0,22,10,7,0,0,0,37
39427,2,1,11,11,13,2,0,21,11,7,0,0,0,38
39429,2,1,10,11,13,2,0,27,10,7,1,0,0,37
39599,2,1,8,11,13,2,0,21,8,7,0,0,0,21
39660,2,1,8,11,13,2,0,21,8,7,0,0,0,21
39977,-1,0,0,10,13,2,0,11,0,8,0,0,0,10
40536,2,1,10,11,13,2,3,22,10,7,0,0,0,43
40578,2,1,16,16,15,8,14,25,10,7,0,0,0,50
40929,2,1,10,12,13,2,0,27,10,7,0,0,0,37
40932,2,1,10,11,13,2,0,23,10,7,0,0,0,37
40933,2,1,13,19,13,2,4,29,10,7,0,0,0,38
40951,2,1,10,11,13,2,3,22,10,7,0,0,0,43
40952,2,1,11,12,13,2,3,23,11,7,0,0,0,37
41010,2,1,10,26,13,2,1,24,14,7,0,0,0,36
41264,2,1,11,11,13,3,0,22,10,7,0,0,0,37
41266,2,1,9,14,13,2,0,23,10,7,0,0,0,39
41291,2,1,10,11,13,2,0,21,10,7,0,0,0,35
41560,1,0,1,11,13,4,0,11,1,7,0,0,0,11
42330,2,1,11,18,13,2,0,24,11,7,1,0,0,25
43532,2,1,14,14,13,2,1,22,10,7,0,0,0,43
43535,2,1,10,11,13,2,0,21,10,7,0,0,0,36
44662,2,1,11,17,13,2,10,26,10,7,0,0,0,40
45223,-1,1,0,10,13,6,2,11,2,7,0,0,0,21
45429,2,1,10,11,13,2,1,21,10,7,0,0,0,38
45687,2,1,10,11,13,2,0,21,10,7,0,0,0,35
45688,2,1,14,17,13,3,0,24,10,7,0,0,0,42
46204,-1,1,0,2,1,1,1,0,2,6,0,0,0,7
46360,-1,0,0,1,1,1,1,1,0,7,0,0,0,0
46383,-1,0,0,0,1,0,1,2,0,8,0,0,0,1
46473,-1,0,27,6,5,21,11,8,0,13,0,0,0,5
46547,2,1,2,3,3,0,1,1,7,11,0,0,0,6
47326,-1,0,0,4,5,1,1,0,0,4,0,0,0,0
47634,2,1,0,3,5,1,3,6,9,6,0,0,0,26
47852,-1,0,0,3,3,3,10,0,0,27,0,0,0,1
48181,1,3,0,9,4,0,0,3,4,2,0,0,0,11
48251,2,3,0,10,3,0,0,3,8,2,0,0,0,27
48834,-1,0,1,1,1,0,7,2,0,1,0,0,0,11
48838,1,2,1,2,0,2,8,0,1,2,0,0,0,18
48840,-1,3,1,2,0,0,8,0,21,1,0,0,0,22
48844,2,3,3,6,2,0,68,2,94,1,0,0,0,29
48846,1,2,1,1,0,1,8,0,1,1,0,0,0,10
48851,2,2,1,2,0,0,16,0,31,1,0,0,0,23
48857,2,1,1,1,0,0,14,0,9,1,0,0,0,13
48860,-1,2,1,4,1,0,8,0,1,1,0,0,0,22
48894,-1,1,2,5,15,4,2,6,1,2,0,0,0,21
51839,-1,0,0,26,103,1,1,16,0,8,0,1,0,1
55925,-1,0,0,26,103,1,1,19,0,10,0,1,0,2
58029,-1,0,3,3,1,1,6,4,2,2,0,0,0,6
58170,1,1,0,2,1,3,0,5,1,1,0,0,0,3
58316,1,2,0,2,0,1,0,0,3,3,0,0,0,10
58325,-1,0,0,0,0,0,0,1,0,3,0,1,0,0
58342,1,2,0,2,0,1,0,0,3,3,0,0,0,10
58343,1,2,0,3,1,0,0,0,3,3,0,0,0,10
58348,1,2,0,2,0,0,0,0,3,3,0,0,0,9
58354,1,2,0,2,0,1,0,0,3,3,3,0,0,10
58646,-1,1,0,3,2,1,0,2,0,1,0,0,0,19
58696,-1,0,0,0,0,0,2,0,0,1,0,0,0,0
58729,-1,0,0,0,0,2,17,0,0,6,0,0,0,0
58969,1,2,0,2,0,0,5,2,5,0,0,0,0,9
59675,-1,1,0,4,3,0,0,8,1,3,0,0,0,5
60150,-1,0,0,3,2,0,0,8,0,2,0,0,0,3
60541,-1,1,0,34,33,0,0,2,0,1,0,0,0,8
60547,-1,1,0,32,33,0,0,3,1,1,0,0,0,9
61153,-1,0,0,3,10,0,0,3,1,10,0,0,0,1
61349,-1,0,0,4,4,7,10,3,1,10,0,0,0,6
61588,-1,0,0,4,4,0,2,3,1,10,0,2,0,1
61679,-1,1,0,1,0,0,0,1,7,5,0,0,0,8
61787,-1,1,0,0,0,0,0,3,14,5,0,0,0,19
62259,-1,0,0,4,0,0,0,1,2,3,0,0,0,0
62584,-1,2,4,5,0,2,0,15,8,24,0,0,0,17
63252,-1,1,0,16,15,1,0,6,1,7,0,0,0,6
63530,-1,0,0,12,12,0,0,5,0,5,0,0,0,3
63584,-1,0,0,14,14,1,0,6,0,5,0,0,0,3
63854,1,1,0,1,0,1,0,1,5,4,0,0,0,4
64049,-1,0,0,17,16,4,0,5,0,6,0,0,0,3
64333,-1,0,0,1,0,1,1,8,4,4,0,0,0,0
64552,-1,0,0,8,5,0,1,9,4,3,0,0,0,0
65094,-1,0,0,1,0,0,1,9,2,4,0,0,0,0
65357,-1,0,0,1,0,0,1,9,2,5,0,0,0,0
65721,-1,0,0,1,0,0,1,9,2,4,0,0,0,0
67091,-1,0,0,1,0,0,0,8,0,4,0,0,0,0
67406,-1,1,0,5,5,0,0,9,3,3,0,0,0,2
67822,-1,0,1,2,2,2,0,5,2,5,0,0,0,9
67974,-1,0,0,0,0,0,0,0,2,1,0,3,0,0
69234,-1,0,0,0,0,0,0,0,0,0,0,0,0,0
69317,-1,1,0,2,1,1,19,0,1,8,0,0,0,4
69801,-1,0,1,0,0,0,0,1,0,1,0,0,0,2
70269,1,2,3,1,0,0,1,0,2,15,0,2,0,12
70270,1,2,1,1,2,0,1,0,2,16,0,2,0,14
70291,2,1,0,1,1,1,2,2,2,7,2,1,0,7
70465,-1,2,0,0,0,0,0,0,1,1,0,0,0,7
70467,2,2,0,0,0,9,19,0,1,19,0,9,0,16
70468,1,2,0,0,0,7,16,2,1,15,0,7,0,14
70488,1,2,0,1,4,1,2,0,1,3,0,1,0,8
70493,1,2,0,1,1,1,2,0,1,3,0,1,0,8
70497,1,2,0,4,1,1,2,0,1,3,0,1,0,8
70500,1,2,0,0,0,1,2,1,1,3,0,1,0,8
70506,1,2,0,0,0,1,2,1,1,3,0,1,0,8
70507,1,2,0,0,0,1,2,1,1,3,0,1,0,8
70811,2,1,1,16,1,1,13,5,8,5,1,0,0,14
71442,2,1,0,0,0,0,1,0,0,2,0,0,0,2
71611,-1,0,0,5,0,1,0,1,0,1,0,0,0,4
73405,2,1,0,1,1,1,13,0,6,1,0,0,0,10
73420,1,1,0,3,2,3,6,2,1,1,0,0,0,8
74206,-1,0,0,0,0,0,0,2,0,2,0,1,0,0
75049,-1,0,0,5,0,14,1,3,5,23,0,0,0,4
75292,-1,0,0,0,0,0,0,1,2,5,0,1,0,0
76586,1,2,0,1,1,2,7,2,1,1,0,0,0,6
76621,1,2,0,3,2,2,10,3,1,1,0,0,0,7
76796,1,2,0,1,1,2,7,4,1,1,0,0,0,6
76798,1,2,0,6,1,2,6,2,1,1,0,0,0,6
76799,1,2,0,1,1,2,7,2,1,1,0,0,0,6
76800,1,2,1,1,1,3,8,2,1,1,0,0,0,8
76806,1,2,0,1,1,2,8,2,1,1,0,0,0,6
77141,-1,0,0,4,2,0,1,1,4,0,0,0,0,0
77159,-1,0,0,2,0,0,0,1,0,2,0,0,0,0
77535,-1,0,0,11,0,2,0,16,0,3,0,1,0,0
77566,-1,0,1,11,0,0,0,15,0,3,0,1,0,0
77613,2,1,0,4,3,1,0,1,0,3,0,1,0,9
77615,2,1,0,9,7,1,0,1,0,3,0,1,0,16
77617,2,1,0,23,20,4,8,1,1,3,8,1,0,36
78020,-1,0,0,0,1,0,3,3,0,7,0,0,0,0
78174,-1,0,0,0,0,1,0,0,0,9,0,0,0,1
78200,-1,0,0,0,0,0,0,1,0,4,0,0,0,1
78204,-1,0,0,0,0,1,0,0,0,12,0,0,0,1
78227,-1,0,0,0,0,0,0,1,0,5,0,1,0,1
78254,-1,1,1,2,0,2,4,0,2,10,0,0,0,3
78255,1,1,0,0,0,0,0,0,4,4,0,0,0,6
78368,2,1,0,3,3,1,13,1,12,1,0,0,0,10
78412,-1,0,0,0,0,1,8,0,0,3,0,1,0,1
78907,-1,0,0,4,6,2,5,2,5,5,0,0,0,10
81445,-1,0,0,1,0,1,0,1,1,0,0,0,0,2
81569,-1,0,7,22,20,6,0,21,142,0,0,1,0,49
81699,-1,0,0,22,7,161,4,111,21,0,0,1,0,6
81735,-1,0,0,2,0,33,1,48,1,0,0,1,0,5
81854,-1,0,0,18,13,32,10,24,4,0,0,1,0,1
82493,-1,0,0,3,7,13,1,0,0,0,0,1,0,0
82558,-1,0,0,71,30,325,14,93,27,0,0,11,0,13
87171,-1,0,0,3,5,1,3,0,3,5,0,1,0,9
92336,-1,0,0,11,1,1,0,15,0,4,0,1,0,1
92463,-1,1,2,0,0,0,0,0,0,0,0,0,0,6
92480,2,1,0,12,10,1,0,1,1,3,7,1,0,17
92557,2,1,0,1,1,5,38,5,36,14,0,4,0,8
92688,-1,0,0,10,0,0,0,1,2,3,0,0,0,0
92718,-1,0,0,0,1,0,0,0,0,1,0,0,0,3
92724,-1,0,0,2,0,0,1,1,0,1,0,0,0,0
92746,-1,0,0,0,0,0,0,0,0,1,0,0,0,0
93274,1,2,0,1,1,2,7,2,1,1,0,0,0,6
93275,1,2,0,1,1,2,5,2,1,1,0,0,0,6
93433,-1,0,0,1,0,1,0,1,0,4,0,1,0,1
94271,-1,0,10,7,3,2,6,2,0,11,0,0,0,5
94360,-1,0,0,0,2,0,0,1,1,9,0,0,0,0
94413,-1,0,0,0,0,0,2,4,3,11,0,0,0,0
94700,-1,0,0,10,5,1,101,0,0,24,0,7,0,0
94922,-1,0,0,0,0,0,0,0,0,0,0,0,0,0
94945,-1,0,0,0,0,0,0,0,1,0,0,0,0,0
95233,-1,0,0,1,0,0,0,0,1,10,0,0,0,0
95603,-1,0,0,4,0,0,0,2,1,1,0,0,0,1
97172,-1,0,0,2,0,0,0,1,0,1,0,0,0,0
98170,2,1,0,3,3,0,0,0,10,9,1,1,0,16
98350,2,1,0,2,1,5,7,0,32,11,0,1,0,14
98411,1,1,1,6,0,2,2,3,2,16,0,1,0,10
98413,1,1,1,2,0,1,1,3,3,16,0,1,0,10
98414,1,1,1,2,0,2,1,3,3,17,0,1,0,12
98416,1,1,1,2,1,2,0,3,3,16,0,1,0,9
98418,1,1,1,2,0,2,1,5,3,16,0,1,0,11
98569,2,1,0,4,4,0,59,0,127,10,0,1,0,12
98574,-1,1,0,1,0,1,0,0,1,9,0,1,0,16
98589,1,1,1,3,2,1,0,2,5,16,0,1,0,11
98613,1,1,1,3,2,0,3,4,3,16,0,1,0,10
98647,1,1,1,3,2,0,0,4,3,16,0,1,0,10
98671,1,1,1,3,1,0,0,3,3,16,0,1,0,10
98680,1,1,1,3,1,0,0,2,2,16,0,1,0,10
98823,1,1,1,2,0,0,0,2,3,16,0,1,0,9
98866,1,1,1,2,0,0,0,3,2,16,0,1,0,9
98937,1,1,1,2,0,2,0,2,3,17,0,2,0,11
98943,1,1,0,3,1,0,0,2,3,16,0,1,0,9
98974,1,1,0,2,0,0,0,2,3,16,0,1,0,10
98975,1,1,0,5,3,0,0,2,3,16,0,1,0,10
98976,1,1,0,2,0,0,0,2,3,16,0,1,0,10
98977,1,1,0,2,0,0,0,2,3,16,0,1,0,10
98978,1,1,0,2,0,0,0,2,3,16,0,1,0,10
98979,1,1,0,2,0,0,0,2,3,16,0,1,0,10
98980,1,1,0,2,0,0,0,2,2,16,0,1,0,10
98981,1,1,0,2,0,0,0,2,3,16,0,1,0,10
98982,1,1,0,2,0,0,0,2,3,16,0,1,0,10
98984,1,1,0,2,0,0,0,2,3,16,0,1,0,10
98987,1,1,0,2,0,0,0,2,3,16,0,1,0,10
98990,1,1,0,2,0,0,0,2,3,16,0,1,0,10
98992,1,1,0,2,0,3,0,2,3,16,0,1,0,10
98993,1,1,0,2,0,0,0,2,2,16,0,1,0,10
98994,1,1,0,2,0,0,0,2,3,16,0,1,0,10
98996,1,1,0,2,0,0,0,2,3,16,0,1,0,10
98998,1,1,0,2,0,0,0,2,3,16,0,1,0,10
98999,1,1,0,2,0,0,0,2,3,16,0,1,0,10
99000,1,1,0,2,0,0,0,2,3,16,0,1,0,10
99001,1,1,2,2,0,0,0,2,3,16,0,1,0,11
99002,1,1,0,2,0,0,0,2,3,16,0,1,0,10
99010,1,1,1,2,0,0,0,2,3,16,0,1,0,12
99011,1,1,2,2,0,0,0,2,1,16,0,1,0,11
99012,1,1,2,5,0,0,0,2,3,16,0,1,0,11
99013,1,1,1,2,0,0,0,2,3,16,0,1,0,10
99014,1,1,0,2,0,0,0,2,2,16,0,1,0,10
99015,1,1,1,2,0,0,0,2,3,16,0,1,0,10
99017,1,1,1,2,0,0,0,2,3,16,0,1,0,10
99019,1,1,6,2,0,0,0,2,3,16,0,1,0,11
99020,1,1,1,2,0,0,0,2,3,16,0,1,0,10
99023,1,1,1,2,0,0,0,2,3,16,0,1,0,10
99142,1,1,1,2,0,0,0,2,3,16,0,1,0,11
99143,1,1,1,2,0,0,0,2,3,16,0,1,0,11
99144,1,1,0,2,0,0,0,2,3,16,3,1,0,10
99145,1,1,1,3,0,0,0,2,3,16,0,1,0,10
99146,1,1,1,2,0,0,0,2,3,16,0,1,0,11
99265,-1,0,0,7,3,1,0,4,1,16,0,0,0,2
99289,-1,1,0,1,0,0,0,1,0,10,0,1,0,13
99291,-1,1,0,1,0,1,0,0,2,10,0,1,0,37
99293,1,1,1,2,0,0,1,3,3,16,0,1,0,10
99299,1,1,1,8,0,0,1,4,3,16,0,1,0,12
99302,2,1,0,3,5,1,1,0,9,9,0,1,0,16
99305,-1,1,0,1,0,0,0,1,0,11,0,1,0,14
99310,-1,1,0,1,0,0,3,1,0,11,0,1,0,13
99314,-1,1,0,1,0,0,0,1,0,10,0,1,0,16
99321,1,1,1,4,2,0,0,2,3,8,0,0,0,4
99322,1,1,1,2,0,0,0,2,3,16,0,1,0,11
99323,1,1,1,4,1,1,1,2,3,16,0,1,0,11
99324,1,1,1,2,1,1,0,2,3,16,0,1,0,10
99328,2,1,0,5,6,0,5,1,26,9,0,1,0,16
99334,2,1,0,1,1,0,0,0,6,14,1,1,0,19
99341,2,1,0,4,4,0,59,0,127,10,0,1,0,12
99349,2,1,0,2,1,0,0,2,0,11,0,1,0,19
99356,1,1,0,2,0,0,0,2,3,16,3,1,0,10
99357,2,1,7,17,41,4,32,3,605,13,1,1,0,26
99360,2,1,0,8,7,0,0,1,17,10,0,1,0,18
99366,1,1,0,3,2,0,0,0,3,12,0,1,0,15
99397,1,1,1,3,1,1,0,3,3,16,0,1,0,11
99408,1,1,1,7,1,1,0,2,3,16,0,1,0,10
99410,1,1,1,8,1,0,0,4,3,16,0,1,0,10
99411,1,1,1,3,2,0,0,2,2,16,0,1,0,11
99414,1,1,1,3,2,0,0,2,3,16,0,1,0,10
99417,1,1,1,3,2,0,0,3,3,16,0,1,0,10
99428,1,1,1,3,1,0,0,3,3,16,0,1,0,12
99458,2,1,0,8,7,0,0,1,17,10,0,1,0,18
99581,1,1,1,8,2,0,0,3,2,16,0,1,0,10
99614,1,1,0,2,0,1,0,2,3,16,3,1,0,9
99618,1,1,1,7,2,2,1,2,3,16,0,1,0,10
99619,1,1,1,5,2,1,2,2,3,16,0,1,0,10
99620,1,1,1,3,1,0,0,2,1,16,0,1,0,10
99621,1,1,1,3,1,0,0,2,1,16,0,1,0,12
99623,1,1,1,3,1,0,0,4,1,16,0,1,0,10
99624,1,1,1,3,1,0,0,3,1,16,0,1,0,11
99979,1,1,1,3,0,1,0,2,3,16,0,1,0,14
100002,1,1,1,2,0,0,0,6,3,16,0,1,0,11
100003,1,1,1,2,0,1,1,2,3,16,0,1,0,12
100009,1,1,2,6,4,1,0,7,3,16,0,1,0,12
100026,1,1,1,2,0,1,0,3,1,16,0,1,0,14
100035,1,1,1,3,0,2,1,2,3,16,0,1,0,10
100037,1,1,1,2,0,0,0,2,3,16,0,1,0,11
100038,1,1,1,2,0,1,2,3,3,16,0,1,0,11
100040,1,1,1,2,0,1,1,2,3,16,0,1,0,12
100041,1,1,1,4,0,1,1,2,3,16,0,1,0,11
100043,1,1,1,2,0,2,4,4,3,16,0,1,0,11
100044,1,1,1,2,0,1,1,2,3,16,0,1,0,10
100045,1,1,1,2,0,2,2,3,3,16,0,1,0,12
100048,1,1,1,2,0,0,0,2,1,16,0,1,0,11
100094,1,1,0,2,0,0,0,2,3,16,0,1,0,10
100095,1,1,1,2,0,0,0,2,3,16,0,1,0,12
100235,1,1,1,2,0,1,0,2,3,17,0,2,0,11
100251,-1,1,1,1,0,0,0,1,0,0,0,0,0,1
100297,1,1,1,3,2,0,0,3,3,16,0,1,0,10
100389,1,1,1,2,0,0,0,2,4,16,0,1,0,10
100390,1,1,1,2,0,0,0,3,3,16,0,1,0,10
100391,1,1,1,2,0,0,0,3,3,16,0,1,0,11
100392,1,1,1,2,0,0,0,2,3,16,0,1,0,10
100393,1,1,1,2,0,0,0,2,3,16,0,1,0,10
100394,1,1,1,3,0,1,2,4,1,16,0,1,0,11
100395,1,1,1,2,0,1,5,18,2,16,0,1,0,12
100397,1,1,1,2,0,1,1,2,3,16,0,1,0,11
100400,1,1,1,2,0,3,0,2,3,16,0,1,0,10
100433,1,1,1,2,0,1,1,2,3,16,0,1,0,10
103123,-1,0,0,0,0,0,0,0,1,2,0,3,0,0
104243,-1,0,0,0,0,0,0,0,1,6,0,3,0,0
105769,-1,0,0,2,0,0,0,0,0,1,0,0,0,1
106741,-1,0,0,6,2,1,165,0,0,0,0,0,0,4
107206,-1,0,0,1,1,1,2,2,0,7,0,0,0,1
107488,2,1,0,13,5,4,3,17,8,3,0,0,0,22
107503,1,2,0,4,1,2,0,8,6,5,0,0,0,18
107523,1,2,0,3,1,0,0,6,6,5,0,0,0,17
107547,1,3,0,0,1,1,3,1,2,1,0,1,0,9
107566,1,2,0,3,1,0,0,0,7,3,0,0,0,11
107576,2,2,0,12,14,1,6,0,17,3,0,0,0,26
107672,2,2,0,16,17,0,12,1,15,3,0,0,0,28
107714,1,2,0,2,1,3,2,5,1,0,0,0,0,6
108714,-1,0,0,2,0,1,2,2,1,2,0,0,0,3
109105,-1,0,1,1,0,1,6,3,24,21,0,1,0,3
109133,1,2,0,0,0,1,2,0,1,3,0,1,0,8
109135,1,2,0,0,0,1,3,0,1,3,0,1,0,8
109137,1,2,0,0,0,1,2,0,1,3,0,1,0,8
109406,-1,0,0,3,1,2,0,2,0,1,0,0,0,2
109534,-1,0,0,1,0,0,0,0,0,1,0,0,0,0
109549,1,2,0,1,1,0,1,1,6,3,0,0,0,9
109835,2,2,0,0,0,0,10,0,1,1,0,0,0,7
109865,1,2,0,0,0,1,2,0,1,3,0,1,0,8
109867,1,2,0,0,0,1,2,0,1,3,0,1,0,8
109883,2,1,0,4,3,0,20,0,42,5,0,8,0,8
110380,2,1,0,4,32,10,23,0,25,3,3,0,0,27
110401,1,1,0,4,1,1,0,0,5,3,1,0,0,8
110406,1,2,0,3,3,2,3,2,5,3,1,0,0,10
110407,1,1,0,3,3,1,0,0,5,3,2,0,0,8
110410,2,1,0,2,17,3,26,0,15,3,1,0,0,22
110411,2,1,0,4,21,3,17,0,22,3,3,0,0,20
110412,2,1,0,3,24,4,23,0,21,3,1,0,0,26
110422,1,1,0,3,1,1,0,0,5,3,1,0,0,9
110425,1,1,0,3,2,1,4,0,5,3,1,0,0,8
110430,1,1,0,3,2,1,3,0,5,3,1,0,0,8
110433,1,1,0,3,2,1,1,2,5,3,1,0,0,11
110436,1,1,0,3,2,1,1,0,5,3,1,0,0,8
110442,1,1,0,3,2,2,2,0,5,3,1,0,0,9
110445,1,1,0,3,3,2,3,0,5,3,1,0,0,7
110447,1,1,0,8,3,2,0,3,5,3,1,0,0,9
110450,1,1,0,3,1,5,1,2,5,3,1,0,0,11
110454,1,1,0,3,1,5,1,2,5,3,1,0,0,11
110460,1,1,0,3,2,1,4,0,5,3,1,0,0,8
110466,1,1,0,3,2,1,4,0,5,3,1,0,0,8
110467,1,1,0,3,2,1,4,0,5,3,1,0,0,8
110468,1,1,0,3,2,1,4,0,5,3,1,0,0,8
110485,1,1,0,3,2,2,1,1,5,3,1,0,0,9
110499,1,1,0,4,3,1,1,0,5,3,1,0,0,9
110501,1,1,0,4,1,1,3,0,5,3,1,0,0,7
110504,1,1,0,7,1,1,0,0,6,3,1,0,0,7
110507,1,1,0,3,2,1,1,0,5,3,1,0,0,8
110511,1,1,0,3,1,2,7,0,6,3,1,0,0,11
110517,1,1,0,4,2,1,1,0,5,3,1,0,1,9
110518,1,1,0,3,2,1,4,0,5,3,1,0,0,8
110519,1,1,0,3,2,1,4,0,5,3,1,0,0,8
110523,1,1,0,3,1,5,0,2,5,3,1,0,0,11
110572,2,1,0,1,16,1,14,0,12,3,0,0,0,21
110807,1,1,1,6,0,22,0,12,2,0,0,0,0,49
111008,1,2,0,2,2,2,0,5,3,2,0,0,0,7
111034,-1,0,0,1,2,4,0,4,1,2,0,0,0,1
111124,1,2,0,1,2,2,2,4,3,2,0,0,0,5
111181,-1,0,0,1,0,0,1,0,1,0,0,0,0,4
111267,1,2,0,1,2,2,0,4,3,2,0,0,0,5
111273,1,2,0,2,3,2,2,7,2,2,0,0,0,5
111308,1,2,0,3,3,3,1,4,3,2,0,0,0,4
111335,1,2,0,1,2,2,2,4,3,2,0,0,0,6
111357,1,2,0,3,4,2,0,4,3,2,0,0,0,5
111460,-1,0,0,2,0,0,0,0,0,5,0,0,0,0
111539,-1,0,0,2,0,0,0,0,0,6,0,0,0,0
111594,-1,0,0,1,4,0,1,2,3,2,0,0,0,0
111690,-1,0,0,0,2,0,0,1,1,2,0,1,0,2
112942,-1,1,0,5,7,0,0,1,2,6,0,0,0,23
112952,-1,0,0,5,7,0,3,1,1,5,0,0,0,5
114704,-1,0,0,3,2,1,0,5,0,2,0,0,0,1
115303,-1,0,0,1,0,0,0,1,0,1,0,0,0,0
116006,-1,0,0,6,5,0,0,5,15,1,0,0,0,0
116268,-1,0,0,6,8,1,0,0,2,1,0,0,0,1
117918,-1,0,0,5,22,1,0,1,4,4,0,0,0,0