id,label,f01|E:url[seminar],f02|#:text[abstract],f03|#:text[location],f04|#:text[LOCATION],f05|#:text[speaker],f06|#:text[SPEAKER],f07|#:text[date|time],f08|#:text[DATE|TIME],f09|#:tag[img],f10|#:text[tbc/tba],f11|#:tag[table],f12|#:url[neg_word],f13|#:text[seminar],f14|#ratio:text[LOCATION-TIME]
69,-1,0,0,3,1,2,0,1,3,6,0,0,0,0,0
127,-1,1,17,1,8,17,2,3,2,1,0,1,1,9,4
128,-1,0,17,1,3,17,1,2,0,1,0,1,1,2,3
135,-1,1,1,1,0,0,0,1,0,12,0,2,0,9,0
137,-1,1,1,1,0,0,0,1,0,12,0,2,1,18,0
144,-1,1,1,1,0,0,0,0,0,12,0,2,1,26,0
146,-1,2,1,3,0,0,0,0,0,12,0,2,0,14,0
194,-1,0,0,9,9,0,0,1,1,2,0,1,0,1,9
251,-1,0,0,1,1,2,0,4,0,0,0,0,0,0,1
260,-1,0,100,28,64,26,1,67,151,268,0,0,0,17,0
308,-1,0,0,7,0,22,0,10,1,6,0,0,0,41,0
346,-1,0,0,2,3,0,0,2,2,7,0,2,0,2,1
662,-1,0,0,13,7,0,0,4,0,5,0,0,0,9,7
696,-1,0,0,2,0,0,3,1,5,1,0,0,0,4,0
1349,-1,0,0,13,1,5,4,9,4,13,0,0,0,3,0
1371,-1,0,0,8,0,26,3,12,2,4,0,0,0,45,0
1448,-1,0,0,24,13,3,0,6,8,0,0,0,0,7,1
1463,-1,0,0,26,14,5,0,6,5,1,0,0,0,4,2
1495,-1,0,0,4,2,0,0,0,0,1,0,0,0,1,2
1648,-1,0,0,14,8,5,0,6,0,5,0,0,0,9,8
1702,-1,0,0,2,1,0,0,0,7,19,0,2,0,1,0
1929,2,1,1,14,7,4,11,1,25,16,0,0,0,16,0
1995,-1,0,0,2,3,0,0,2,3,11,0,1,0,1,1
2028,-1,0,0,2,3,0,0,3,3,2,0,0,0,1,1
2191,-1,0,0,0,0,0,0,1,0,5,0,0,0,2,0
2192,-1,0,0,1,2,6,1,1,0,1,0,0,0,1,2
2370,-1,0,0,0,0,1,0,1,0,1,0,0,0,1,0
2381,-1,0,0,2,1,1,0,1,3,0,0,0,0,1,0
2382,-1,0,0,3,7,1,0,5,1,1,0,0,0,2,7
2383,-1,0,0,0,0,13,2,2,1,1,0,0,0,7,0
2389,-1,0,0,0,0,0,0,1,1,0,0,0,0,1,0
2391,-1,0,0,0,0,1,0,1,1,0,0,0,0,1,0
2394,-1,0,0,2,1,1,0,1,2,0,0,0,0,1,0
2397,-1,0,0,2,1,1,0,1,3,0,0,0,0,1,0
2430,-1,0,0,8,5,3,0,3,4,3,0,1,0,5,1
2433,-1,0,0,2,0,2,0,2,0,1,0,0,0,1,0
2434,-1,0,0,4,0,2,3,1,0,1,0,0,0,2,0
2448,-1,0,0,0,0,0,0,2,0,1,0,0,0,2,0
2450,-1,0,0,0,0,1,0,2,0,1,0,0,0,1,0
2467,-1,1,0,3,2,1,0,1,3,5,0,3,0,6,0
2534,1,2,0,9,8,0,1,7,8,3,0,0,0,15,1
2543,1,1,0,8,7,0,0,10,7,2,0,2,0,12,1
2547,1,2,0,9,8,0,0,7,7,3,0,0,0,14,1
2584,-1,1,0,0,1,0,0,0,0,2,0,0,0,8,1
2587,-1,0,0,0,1,3,40,0,0,2,0,1,0,1,1
2834,-1,0,0,0,1,0,0,2,1,5,0,1,0,3,1
2837,-1,0,0,0,2,0,0,3,3,10,0,1,0,1,0
2926,2,1,0,11,6,0,12,5,24,16,0,0,0,13,0
2935,2,1,0,8,1,2,2,4,22,20,0,0,0,18,0
2937,2,1,0,14,1,3,8,2,29,16,0,0,0,11,0
2938,2,1,0,15,10,3,12,6,34,16,0,0,0,16,0
2939,2,1,6,35,4,12,41,36,55,24,0,0,0,57,0
2940,2,1,1,5,0,7,18,3,39,16,0,0,0,14,0
3002,-1,0,0,7,7,0,0,0,8,28,0,2,0,5,0
3004,2,2,0,3,1,0,2,0,19,13,0,1,0,17,0
3016,1,2,1,2,1,0,2,1,5,13,0,1,0,15,0
3020,2,2,0,2,0,0,7,0,19,13,0,1,0,15,0
3021,1,2,0,3,1,0,2,0,5,13,0,1,0,15,0
3027,2,2,0,5,3,1,3,0,9,13,0,1,0,17,0
3029,2,2,0,4,1,0,2,0,21,13,0,1,0,16,0
3040,2,2,0,6,5,0,4,0,7,13,0,1,0,21,0
3042,2,3,0,10,4,1,0,2,4,18,0,1,0,25,1
3137,-1,0,0,6,8,3,0,2,2,12,0,0,0,6,4
3176,-1,0,0,7,0,0,0,1,2,3,0,0,0,0,0
3233,-1,0,0,1,2,4,3,1,0,3,0,0,1,1,2
3256,-1,0,0,2,3,2,0,1,3,5,0,0,1,2,1
3259,-1,0,1,2,3,7,0,9,2,25,0,0,1,6,1
3263,-1,0,1,4,4,6,0,10,23,12,0,0,1,6,0
3265,-1,0,0,11,0,0,0,16,0,2,0,0,0,0,0
3374,-1,0,0,0,0,3,0,1,2,1,0,0,1,4,0
3399,-1,0,1,3,6,34,0,22,2,7,0,0,1,4,3
3422,-1,0,1,2,3,13,1,11,3,5,0,0,1,6,1
3423,-1,0,1,3,2,11,0,6,0,7,0,0,1,6,2
3452,-1,0,1,2,0,1,0,0,0,8,0,0,1,5,0
3453,-1,0,1,2,1,1,0,0,0,8,0,0,1,5,1
3465,-1,0,1,2,0,1,0,0,0,8,0,0,1,6,0
3558,-1,0,2,10,5,2,0,2,8,13,0,1,0,7,0
3561,-1,0,12,23,5,14,0,3,15,14,0,0,0,14,0
3658,-1,0,1,3,0,2,0,1,1,10,0,0,1,5,0
3660,-1,0,3,2,0,4,0,7,3,16,0,0,1,8,0
3677,-1,0,1,2,0,2,1,0,0,17,0,0,1,5,0
3709,-1,0,1,2,0,1,0,0,0,18,0,0,1,5,0
3712,-1,0,1,3,0,1,1,0,3,10,0,0,1,9,0
3838,-1,0,0,1,2,3,1,0,1,1,0,0,1,0,2
3868,-1,0,0,3,4,2,3,0,1,0,0,0,1,0,4
3874,-1,0,0,1,2,3,1,0,0,0,0,0,1,1,2
3885,-1,0,6,2,3,1,2,0,0,0,0,0,1,0,3
3891,-1,0,0,1,2,2,2,0,0,0,0,0,1,0,2
3907,-1,0,7,1,4,2,4,2,0,0,0,0,1,2,4
3933,-1,0,0,1,2,4,2,1,8,4,0,0,1,6,0
3951,-1,0,0,11,0,0,0,16,0,2,0,0,0,0,0
3966,-1,0,0,1,2,4,0,2,4,1,0,0,1,6,0
3967,-1,0,0,1,2,3,0,0,3,1,0,0,1,3,0
3974,-1,1,0,1,3,6,0,0,3,1,0,0,1,10,1
4024,-1,1,0,1,3,4,0,0,1,6,0,0,1,5,3
4066,-1,0,0,2,4,1,0,0,0,0,0,0,1,0,4
4285,-1,0,0,1,1,2,0,0,0,3,0,0,1,1,1
4287,-1,0,0,1,1,2,0,2,0,4,0,0,1,1,1
4314,-1,0,0,1,1,1,0,0,0,3,0,0,1,1,1
4344,-1,0,1,11,0,0,0,15,0,3,0,1,0,0,0
4368,-1,0,0,5,15,2,0,1,1,3,0,2,0,0,15
4480,-1,0,0,1,1,2,0,3,2,12,0,0,0,2,0
4505,-1,0,1,11,0,7,0,2,2,4,0,0,0,0,0
4582,-1,0,0,26,25,0,0,8,2,3,0,3,0,2,12
4602,-1,0,0,2,3,0,0,3,2,6,0,2,0,2,1
4886,-1,1,0,6,7,1,12,4,25,0,0,0,0,7,0
4944,-1,0,0,4,7,0,0,3,3,23,0,0,0,0,2
5279,-1,0,0,7,7,2,0,0,0,6,0,1,0,1,7
5471,-1,0,0,1,0,0,0,3,5,3,0,4,0,1,0
5844,-1,0,0,0,1,0,0,1,5,5,0,0,0,2,0
6810,-1,0,0,3,0,1,0,0,0,0,0,0,0,0,0
6826,-1,0,0,2,0,0,0,0,0,2,0,3,0,0,0
6959,-1,0,1,0,1,0,0,2,3,1,0,0,0,0,0
7164,-1,0,0,1,0,14,11,4,2,5,0,0,0,1,0
7165,-1,0,1,1,0,5,1,2,0,2,0,0,0,0,0
7317,-1,0,1,0,0,3,4,0,0,0,0,0,0,1,0
7340,-1,0,3,1,0,2,0,3,1,2,0,0,0,1,0
7352,-1,0,9,9,2,3,19,13,11,5,0,0,0,1,0
7643,-1,0,0,0,0,0,0,0,0,36,0,6,0,0,0
8124,-1,0,1,0,0,1,0,1,0,12,0,0,0,0,0
8370,-1,0,0,0,0,0,0,1,0,1,0,0,0,0,0
8953,-1,0,0,2,0,0,3,0,0,4,0,0,0,0,0
9033,-1,0,0,1,0,0,0,0,1,96,0,0,0,0,0
9710,-1,0,0,1,0,0,0,2,0,6,0,0,0,0,0
9831,-1,0,0,1,0,0,0,0,0,6,0,0,0,0,0
9856,-1,0,0,2,1,0,0,1,0,4,0,0,0,2,1
9936,-1,0,0,2,2,0,0,4,0,6,0,0,0,0,2
10437,-1,0,0,4,1,1,0,26,2,6,0,0,0,5,0
10507,-1,0,0,4,2,0,0,26,0,9,0,0,0,3,2
10623,-1,0,0,5,7,0,0,4,0,6,0,0,0,0,7
10697,-1,1,0,0,0,1,0,1,3,7,0,0,0,9,0
10999,2,1,5,29,5,3,0,15,57,42,0,11,0,20,0
11003,-1,0,0,1,1,1,0,1,0,5,0,0,0,1,1
11044,-1,1,0,1,0,1,1,2,1,9,0,1,0,5,0
11049,2,3,0,24,11,2,3,3,10,10,0,1,0,16,1
11051,2,2,0,24,10,8,4,2,10,10,0,1,0,21,1
11055,1,2,0,3,0,2,0,2,1,10,0,1,0,8,0
11058,-1,2,0,1,0,0,0,1,0,18,0,0,0,17,0
11059,2,3,0,17,7,2,6,2,7,18,0,1,0,20,1
11060,2,3,0,14,6,2,7,2,6,18,0,1,0,26,1
11061,-1,3,0,1,0,0,0,1,0,18,0,0,0,20,0
11062,-1,3,0,18,8,1,0,3,8,18,0,1,0,28,1
11064,-1,3,0,1,0,0,0,1,0,18,0,0,0,20,0
11067,2,2,0,1,0,0,0,1,0,18,0,0,0,20,0
11072,-1,0,0,4,0,0,2,0,2,11,0,0,0,3,0
11128,-1,0,0,1,0,0,0,0,0,22,0,1,0,1,0
11257,2,1,0,18,8,1,0,3,8,6,0,1,0,16,1
11264,2,1,0,17,7,2,6,2,7,6,0,1,0,8,1
11336,1,1,2,15,4,3,0,12,3,16,0,15,0,14,1
11340,1,1,2,15,4,3,0,12,2,16,0,15,0,15,2
11342,1,1,2,15,4,3,0,16,3,16,0,15,0,14,1
11394,-1,0,0,4,0,0,0,12,0,2,0,0,0,0,0
11404,-1,1,0,6,3,0,0,12,0,2,0,0,0,4,3
11558,-1,0,0,3,0,0,0,12,0,3,0,0,0,0,0
11569,-1,0,0,6,4,2,3,15,7,3,0,0,0,0,0
11719,-1,0,0,13,0,0,0,27,3,4,0,2,0,0,0
12120,-1,0,1,12,3,2,0,3,0,6,0,4,0,6,3
12189,2,1,0,6,4,7,0,1,8,1,0,2,0,10,0
12358,-1,0,2,13,3,2,5,11,5,15,0,12,0,8,0
12592,-1,0,0,3,3,0,0,0,1,6,0,2,0,2,3
12748,-1,0,0,3,0,0,0,1,0,7,0,0,0,5,0
12761,-1,0,1,34,4,33,6,31,50,26,0,0,0,6,0
12767,-1,0,1,34,4,33,6,31,50,26,0,0,0,6,0
12790,-1,1,0,15,17,2,10,1,16,7,0,0,0,19,1
12793,-1,1,0,2,0,0,0,1,0,7,0,0,0,12,0
12811,-1,0,0,2,0,0,0,1,0,7,0,0,0,5,0
12883,-1,0,0,2,5,5,1,5,2,4,0,0,0,4,2
12946,-1,0,0,0,0,1,0,1,3,4,0,0,0,5,0
12954,-1,1,0,2,0,9,18,7,24,1,0,1,0,6,0
12964,2,1,0,0,0,1,0,1,2,1,0,0,0,8,0
13006,-1,0,1,3,4,7,0,7,4,5,0,0,1,2,1
13010,2,0,3,6,4,13,0,7,12,5,0,0,1,2,0
13013,2,0,3,6,4,13,0,7,12,5,0,0,1,2,0
13018,2,0,1,6,8,11,0,7,10,7,0,0,1,3,0
13021,2,0,1,6,8,11,0,7,10,7,0,0,1,3,0
13025,-1,0,1,3,4,7,0,7,5,5,0,0,1,2,0
13028,-1,0,1,8,12,7,0,7,8,5,0,0,1,2,1
13029,-1,0,1,11,0,0,0,16,0,3,0,1,0,0,0
13033,-1,0,1,6,6,7,0,7,8,6,0,0,1,2,0
13035,-1,0,1,9,9,7,0,7,8,5,0,0,1,2,1
13040,-1,0,1,5,7,7,0,7,4,5,0,0,1,2,1
13046,-1,0,1,5,9,7,0,7,10,5,0,0,1,2,0
13054,-1,0,1,3,5,7,0,7,8,5,0,0,1,3,0
13057,1,0,1,3,5,7,0,10,8,5,0,0,1,3,0
13063,1,0,1,3,5,7,0,10,8,5,0,0,1,3,0
13151,-1,0,1,3,12,7,0,7,5,6,0,0,1,2,2
13248,-1,0,1,4,14,8,0,9,14,9,0,0,1,4,1
13253,-1,0,1,4,8,8,0,8,4,6,0,0,1,2,2
13304,-1,0,1,3,4,7,0,8,4,5,0,0,1,2,1
13308,1,0,2,11,7,11,0,8,10,5,0,0,1,4,0
13339,-1,0,1,3,9,7,0,13,4,9,0,0,1,2,2
13341,-1,0,1,3,5,7,0,13,15,5,0,0,1,2,0
13358,-1,0,1,3,5,7,0,10,10,5,0,0,1,2,0
13368,-1,0,1,3,4,7,0,7,5,5,0,0,1,2,0
13386,-1,0,1,3,4,7,0,7,12,6,0,0,1,2,0
13407,-1,0,1,3,8,7,0,16,28,8,0,0,1,2,0
13413,-1,0,1,3,5,7,0,10,11,5,0,0,1,2,0
13416,1,0,1,6,6,7,0,7,5,5,0,0,1,2,1
13436,-1,0,1,3,4,7,0,7,4,5,0,0,1,2,1
13455,-1,0,0,5,27,0,0,2,2,13,0,0,0,0,13
13514,-1,0,1,3,6,7,0,7,4,6,0,0,1,3,1
13533,-1,0,1,6,10,7,0,7,4,6,0,0,1,2,2
13543,-1,0,1,3,4,7,0,8,8,5,0,0,1,2,0
13546,1,2,0,3,1,8,1,5,2,10,0,0,0,6,0
13557,-1,0,1,3,5,7,0,8,8,5,0,0,1,2,0
13561,-1,0,1,3,4,7,0,7,5,5,0,0,1,2,0
13575,-1,0,1,3,4,7,0,9,8,5,0,0,1,2,0
13583,-1,0,1,3,5,7,0,15,11,5,0,0,1,2,0
13587,-1,0,1,3,7,7,0,7,7,5,0,0,1,2,1
13599,-1,0,0,4,22,0,0,0,0,2,0,0,1,0,22
13612,-1,0,1,19,73,5,3,14,45,56,0,0,2,2,1
13613,-1,0,0,5,5,0,0,0,6,15,0,0,1,0,0
13615,-1,0,1,3,8,7,0,7,5,5,0,0,1,2,1
13617,1,0,1,5,4,8,0,7,5,5,0,0,1,2,0
13624,-1,0,1,3,4,7,0,7,4,10,0,0,1,2,1
13631,-1,0,1,3,4,7,0,7,4,10,0,0,1,2,1
13679,-1,0,1,3,5,7,0,9,8,9,0,0,1,2,0
13684,-1,0,1,3,5,7,0,9,8,9,0,0,1,2,0
13694,-1,0,1,3,5,7,0,9,8,9,0,0,1,2,0
13695,-1,0,1,3,10,7,0,21,6,20,0,0,1,2,1
13702,-1,0,1,3,5,7,0,9,8,9,0,0,1,2,0
13739,-1,0,1,19,26,11,0,11,20,13,0,0,1,2,1
13752,-1,0,0,0,1,0,0,4,0,1,0,0,0,0,1
13773,-1,0,1,19,31,9,0,22,33,19,0,0,1,2,0
14012,-1,0,1,3,11,7,0,7,7,5,0,0,1,2,1
14014,-1,0,1,3,4,7,0,11,7,5,0,0,1,2,0
14021,-1,0,1,7,11,7,0,7,8,5,0,0,1,2,1
14044,-1,0,1,3,12,7,0,7,4,5,0,0,1,2,3
14059,-1,0,0,5,1,0,0,6,1,12,0,0,0,0,1
14068,-1,0,1,5,9,7,0,7,11,7,0,0,1,2,0
14071,-1,0,1,7,6,11,0,8,12,4,0,0,1,2,0
14081,-1,0,2,20,16,9,0,11,28,14,0,0,1,7,0
14083,1,0,2,18,19,16,0,12,36,22,0,0,1,3,0
14086,1,0,4,25,20,13,0,16,31,19,0,0,1,2,0
14089,-1,0,1,7,13,10,0,11,5,7,0,0,1,2,2
14100,-1,0,1,21,34,11,0,13,32,16,0,0,1,2,1
14107,-1,0,0,1,2,1,0,1,0,1,0,0,0,6,2
14120,1,0,2,5,4,8,0,7,4,5,0,0,1,2,1
14124,-1,0,1,3,6,7,0,7,6,4,0,0,1,2,1
14136,-1,0,3,13,135,38,51,36,30,105,0,0,1,7,4
14168,-1,0,1,4,9,9,0,8,5,5,0,0,1,2,1
14184,-1,0,1,4,4,7,0,7,4,5,0,0,1,2,1
14196,1,0,1,6,6,7,0,7,5,5,0,0,1,2,1
14198,-1,0,1,3,4,7,0,8,5,5,0,0,1,2,0
14200,-1,0,1,3,6,7,0,7,6,4,0,0,1,2,1
14206,1,0,1,5,7,8,0,13,20,8,0,0,1,3,0
14210,1,0,1,5,4,8,0,9,5,5,0,0,1,2,0
14214,1,0,1,5,4,8,0,7,5,5,0,0,1,2,0
14215,1,0,1,5,4,8,0,9,5,5,0,0,1,2,0
14218,1,0,1,5,4,8,0,7,5,5,0,0,1,2,0
14221,-1,0,1,3,5,7,0,7,5,5,0,0,1,2,1
14245,1,0,1,5,5,8,0,7,5,5,0,0,1,2,1
14246,-1,0,1,3,5,7,0,7,5,5,0,0,1,2,1
14247,-1,0,1,3,4,7,0,7,4,5,0,0,1,2,1
14249,-1,0,1,3,4,7,0,7,4,5,0,0,1,2,1
14252,-1,0,1,3,4,7,0,10,4,5,0,0,1,2,1
14253,1,0,1,5,5,8,0,7,5,5,0,0,1,2,1
14277,-1,0,1,3,4,7,0,7,15,5,0,0,1,6,0
14295,-1,0,1,7,7,7,0,11,7,5,0,0,1,2,1
14299,-1,0,1,9,13,7,0,7,4,6,0,0,1,2,3
14302,-1,0,1,6,4,7,0,7,4,5,0,0,1,3,1
14311,-1,0,1,12,16,9,0,8,6,5,0,0,1,2,2
14385,-1,0,2,12,7,15,0,8,8,5,0,0,1,2,0
14396,1,1,1,5,5,9,0,7,9,5,0,0,1,5,0
14399,1,1,1,5,5,9,0,7,9,5,0,0,1,5,0
14404,-1,0,1,3,4,7,0,7,4,5,0,0,1,2,1
14418,-1,0,2,7,4,10,0,8,9,4,0,0,1,2,0
14435,-1,0,1,3,4,7,0,7,4,5,0,0,1,2,1
14437,1,0,2,11,7,11,0,8,10,5,0,0,1,4,0
14446,-1,0,1,4,5,7,0,7,6,5,0,0,1,2,0
14452,-1,0,1,4,5,7,0,7,7,5,0,0,1,2,0
14479,-1,0,4,11,8,14,0,8,13,5,0,0,1,2,0
14518,-1,0,0,1,0,0,1,1,4,1,0,0,0,0,0
14526,-1,0,1,3,6,7,0,7,4,5,0,0,1,2,1
14535,2,0,13,70,25,59,0,19,61,11,0,0,1,4,0
14556,-1,0,1,3,4,7,0,7,5,5,0,0,1,2,0
14568,-1,0,1,3,5,7,0,8,7,5,0,0,1,2,0
14573,-1,0,2,17,20,19,0,17,42,14,0,0,1,2,0
14576,2,0,8,42,12,33,0,11,44,15,0,0,1,2,0
14577,2,0,8,42,12,33,0,11,41,14,0,0,1,2,0
14580,2,0,4,29,19,25,0,11,43,19,0,0,1,4,0
14581,2,0,4,29,22,23,0,10,49,17,0,0,1,4,0
14588,2,0,8,25,27,15,0,20,44,18,0,0,1,4,0
14687,-1,0,0,1,1,2,0,7,0,0,0,0,0,1,1
15298,-1,0,0,9,32,0,0,2,0,3,0,0,0,2,32
15384,-1,0,0,0,0,0,0,0,0,22,0,0,0,1,0
15529,-1,0,2,2,2,2,0,8,1,7,0,3,0,0,2
15589,-1,0,0,24,109,1,1,20,3,19,0,2,0,1,36
15840,2,2,1,33,40,3,25,5,20,17,0,0,0,114,2
15843,2,1,0,24,32,2,23,6,17,13,0,0,0,62,1
17931,-1,0,0,5,0,1,0,1,0,1,0,0,0,5,0
18037,-1,0,0,6,1,1,0,2,1,1,0,0,0,7,1
18550,-1,0,0,2,0,1,0,2,0,4,0,0,0,3,0
18573,2,1,0,2,0,3,4,0,3,4,0,0,0,13,0
18590,-1,0,0,1,0,7,0,4,7,16,0,0,1,1,0
18610,1,1,2,1,0,2,8,0,2,4,0,0,0,4,0
18611,1,1,2,1,0,3,7,0,1,4,0,0,0,6,0
18973,2,1,0,0,1,4,2,3,26,1,1,2,0,30,0
19009,-1,0,0,0,4,0,0,2,1,1,0,0,0,1,4
19085,1,1,0,2,1,0,1,1,0,4,0,1,0,6,1
19087,1,1,0,1,0,0,2,2,1,4,0,0,0,6,0
19101,1,1,0,2,1,0,0,1,1,4,0,1,0,4,1
19135,2,1,1,0,1,4,2,3,46,1,1,1,0,47,0
19142,-1,1,0,0,1,0,0,1,10,1,0,3,0,4,0
19442,-1,0,0,0,4,0,0,2,1,1,0,0,0,1,4
19447,-1,0,0,0,4,0,0,2,1,1,0,0,0,1,4
19744,-1,0,0,0,3,0,0,3,7,1,0,1,0,1,0
20019,-1,0,0,0,0,0,2,1,0,5,0,0,0,2,0
20040,-1,0,0,0,0,0,2,0,0,5,0,0,0,2,0
20389,-1,0,0,0,0,5,0,1,0,10,0,4,0,0,0
21139,-1,0,0,3,0,0,0,4,1,16,0,1,0,4,0
21317,-1,0,0,6,0,0,0,0,0,8,0,2,0,2,0
21396,-1,0,0,2,0,0,0,1,0,9,0,1,0,2,0
21416,-1,0,1,5,3,5,0,1,0,4,0,0,0,0,3
21440,-1,0,0,0,0,1,0,2,0,2,0,0,0,0,0
21446,-1,0,0,2,0,8,2,1,1,9,0,1,0,3,0
21565,-1,0,0,0,0,0,0,1,0,7,0,1,0,1,0
21645,-1,0,0,0,0,1,16,1,0,6,0,0,0,1,0
21675,2,1,0,2,1,3,13,2,13,5,0,1,0,3,0
21819,-1,0,0,2,0,0,0,1,0,6,0,0,0,1,0
21872,-1,0,1,3,1,1,0,2,0,6,0,0,0,1,1
21896,-1,0,0,1,1,0,0,0,0,1,0,0,0,1,1
21918,2,1,0,0,0,0,0,1,0,5,0,0,0,8,0
21921,2,1,0,0,0,0,0,1,0,5,0,0,0,8,0
21926,2,1,0,2,1,0,0,2,0,5,0,0,0,7,1
21974,-1,0,0,0,0,0,0,1,1,2,0,1,0,0,0
22112,-1,1,0,4,2,0,0,2,3,10,0,1,0,15,0
22166,-1,0,0,1,1,1,0,2,0,2,0,0,0,0,1
22194,-1,0,0,0,0,0,0,1,0,1,0,0,0,0,0
22497,-1,0,0,1,0,1,0,0,1,1,0,0,1,0,0
22593,-1,0,0,0,0,3,0,1,1,0,0,0,1,1,0
22606,-1,0,0,1,0,3,0,2,1,1,0,0,1,1,0
22794,-1,0,0,4,4,4,0,4,1,1,0,0,1,2,4
22800,-1,0,0,5,2,3,0,3,1,1,0,0,1,2,2
23008,-1,0,0,0,0,1,0,0,1,1,0,0,1,6,0
23010,-1,0,0,1,0,1,0,0,1,1,0,0,1,6,0
23018,1,2,1,8,6,1,0,0,1,15,0,2,0,11,6
23033,-1,0,2,12,1,0,0,16,2,3,0,1,0,0,0
23048,-1,0,0,1,0,1,0,0,1,1,0,0,1,7,0
23073,-1,0,0,4,6,2,0,0,16,1,0,0,1,11,0
23257,-1,0,1,2,4,2,2,3,28,8,0,0,1,2,0
23412,-1,0,0,1,0,2,0,0,1,2,0,0,1,0,0
23442,-1,0,0,1,0,1,0,0,4,2,0,0,1,0,0
23461,-1,0,0,1,0,4,0,3,3,2,0,0,1,0,0
23466,-1,0,2,14,1,1,0,17,3,4,0,2,0,0,0
23624,-1,0,0,11,2,0,0,15,1,3,0,1,0,2,2
23636,-1,0,3,11,0,0,0,16,0,3,0,1,0,0,0
23642,-1,0,5,11,0,0,0,15,1,3,0,1,0,0,0
23669,-1,0,0,13,0,1,1,15,1,3,0,1,0,1,0
23690,-1,0,0,11,1,0,0,15,1,3,0,1,0,3,1
23711,-1,0,0,1,0,1,0,0,4,2,0,0,1,0,0
23807,-1,0,1,5,1,9,2,4,47,2,0,0,1,5,0
23822,-1,0,0,1,0,2,0,0,4,4,0,0,1,1,0
23847,-1,0,0,11,0,2,0,15,1,4,0,1,0,0,0
23864,-1,0,2,11,6,1,0,15,1,4,0,1,0,0,6
23881,-1,0,0,11,0,0,0,16,0,2,0,0,0,0,0
23893,-1,0,2,13,2,3,3,5,33,7,0,0,1,3,0
23903,-1,0,2,3,2,3,2,1,29,7,0,0,1,2,0
23959,-1,0,1,3,2,2,2,1,28,7,0,0,1,2,0
23962,-1,0,1,3,2,2,2,1,28,7,0,0,1,2,0
23966,-1,0,1,5,2,3,2,4,29,7,0,0,1,2,0
24006,-1,0,2,6,2,2,2,3,28,7,0,0,1,2,0
24105,1,1,1,3,2,4,2,1,28,7,0,0,1,7,0
24107,-1,0,1,4,2,2,2,1,31,8,0,0,1,2,0
24132,-1,0,1,3,2,2,2,1,28,11,0,0,1,2,0
24143,-1,0,1,4,2,2,2,1,29,7,0,0,1,2,0
24146,-1,0,1,2,1,3,0,1,0,0,0,1,1,2,1
24148,-1,0,0,0,0,4,0,0,1,1,0,1,1,1,0
24171,-1,0,1,3,2,2,2,1,29,7,0,0,1,2,0
24179,-1,0,1,3,2,2,2,1,28,8,0,0,1,2,0
24214,-1,0,1,9,2,5,2,1,28,8,0,0,1,2,0
24260,-1,0,1,4,2,2,2,1,32,7,0,0,1,2,0
24262,-1,0,9,3,2,3,2,4,28,7,0,0,1,2,0
24264,-1,0,1,3,2,2,2,1,31,7,0,0,1,2,0
24266,-1,0,1,3,2,2,2,15,28,7,0,0,1,2,0
24354,-1,0,0,3,1,7,0,2,3,1,0,0,1,3,0
24362,-1,0,1,0,0,10,1,3,1,6,0,0,1,0,0
24384,-1,0,0,0,0,6,0,1,0,1,0,0,1,0,0
24391,-1,0,3,9,10,3,0,2,0,4,0,3,0,0,10
24541,-1,0,0,1,0,0,0,3,2,11,0,0,1,1,0
24924,-1,0,0,0,1,0,0,1,0,1,0,0,0,0,1
25048,-1,0,0,2,4,0,0,1,0,0,0,0,0,0,4
25405,-1,0,0,0,0,0,0,0,0,0,0,0,0,0,0
25728,-1,0,0,2,0,0,0,0,1,39,0,8,0,3,0
25772,-1,1,0,7,1,1,1,5,0,9,0,1,0,4,1
26166,-1,0,0,0,0,0,0,1,0,6,0,0,0,4,0
26218,-1,0,1,9,0,5,2,1,0,12,0,0,1,1,0
26240,-1,0,0,0,0,4,0,2,2,3,0,0,0,2,0
26289,-1,0,0,0,0,1,0,0,0,2,0,0,0,1,0
26303,-1,0,0,2,0,2,0,1,3,1,0,0,0,1,0
26397,-1,0,1,5,4,4,5,4,2,0,0,0,0,2,2
26573,-1,0,0,18,0,2,0,0,0,4,0,0,1,0,0
26589,-1,0,0,4,0,3,0,0,1,5,0,0,1,0,0
26635,-1,0,0,0,0,2,0,0,1,0,0,0,1,0,0
26640,-1,0,0,0,0,4,0,1,1,0,0,0,1,0,0
26680,-1,0,0,19,4,10,8,9,19,16,0,0,1,6,0
26758,-1,0,1,17,22,27,2,22,15,13,0,0,1,2,1
26759,-1,0,2,15,5,17,3,12,15,15,0,0,1,12,0
27307,-1,0,1,0,0,0,0,1,0,2,0,1,0,0,0
29123,-1,0,1,0,1,0,0,1,0,2,0,1,0,0,1
29649,-1,0,1,0,1,0,0,1,0,2,0,1,0,0,1
29765,-1,0,1,0,1,0,0,1,0,2,0,1,0,0,1
30117,-1,0,1,0,0,0,0,1,0,2,0,1,0,0,0
30738,-1,0,1,3,0,5,0,6,0,3,0,1,1,1,0
30938,-1,0,0,7,0,0,0,0,0,6,0,0,1,0,0
30961,-1,0,0,2,0,0,1,0,0,3,0,0,1,1,0
30986,-1,0,0,2,0,1,0,0,0,3,0,0,1,0,0
31031,-1,0,1,10,0,4,0,0,0,8,0,0,1,0,0
31058,-1,0,0,2,0,2,0,0,0,2,0,0,1,0,0
31085,-1,0,2,7,4,12,0,14,1,7,0,0,0,3,4
31187,-1,0,0,0,0,3,0,0,0,3,0,0,0,1,0
31188,-1,0,0,0,0,2,0,0,0,2,0,0,0,1,0
31190,-1,0,0,1,0,0,4,1,1,6,0,0,0,2,0
31199,-1,0,0,0,0,3,0,0,0,3,0,0,0,1,0
31211,-1,0,0,1,0,1,0,1,7,2,0,0,0,4,0
31225,-1,0,0,1,0,2,1,2,7,1,0,0,0,8,0
31243,-1,0,0,1,1,1,0,0,5,1,0,0,0,6,0
31265,-1,0,0,0,0,1,3,0,6,1,0,0,0,7,0
31269,-1,0,1,32,14,57,7,36,31,42,0,0,0,11,0
31272,-1,0,2,42,11,32,4,44,50,29,0,0,0,16,0
31301,-1,0,0,1,0,2,3,0,6,1,0,0,0,6,0
31305,-1,0,0,4,0,4,0,6,5,2,0,0,0,1,0
31306,-1,0,0,1,0,2,4,3,6,1,0,0,0,8,0
31318,-1,0,0,2,0,2,0,16,3,1,0,0,1,0,0
31331,2,2,0,2,0,5,1,2,6,1,0,0,0,15,0
31333,2,2,0,1,1,1,0,3,31,1,0,0,0,9,0
31433,-1,0,1,8,8,8,6,1,10,1,0,1,1,28,0
31470,-1,0,0,0,0,1,0,0,1,0,0,0,1,0,0
31603,-1,1,0,0,0,1,0,0,2,0,0,0,1,9,0
31637,-1,0,0,0,0,1,0,1,2,0,0,0,1,0,0
31826,-1,0,0,0,0,0,0,1,0,0,0,0,0,0,0
32052,-1,1,0,0,0,0,0,0,0,7,0,0,0,0,0
32156,-1,0,1,7,0,2,0,1,0,1,0,0,0,0,0
32158,-1,0,0,2,0,0,0,2,1,1,0,0,0,2,0
32159,-1,0,0,3,0,0,0,1,0,6,0,1,0,0,0
32169,-1,0,1,7,0,2,0,1,0,0,0,0,0,0,0
32172,-1,0,0,3,0,2,2,2,0,1,0,0,0,3,0
32177,-1,0,0,2,0,0,0,2,1,0,0,0,0,2,0
32180,-1,0,0,3,0,2,2,2,0,0,0,0,0,3,0
32222,-1,0,0,2,0,1,3,1,0,1,0,0,0,1,0
32260,-1,0,0,7,0,14,1,17,1,1,0,1,0,0,0
32295,-1,0,0,1,0,2,0,0,0,1,0,0,1,0,0
32303,-1,0,0,2,0,0,0,1,0,1,0,0,0,0,0
32313,-1,0,0,2,0,0,0,1,0,1,0,0,0,0,0
32319,-1,0,0,2,0,0,0,1,0,1,0,0,0,0,0
32321,-1,0,0,2,0,0,0,1,0,2,0,0,0,0,0
32323,-1,0,0,2,0,1,0,2,0,2,0,0,0,0,0
32328,-1,0,0,3,0,0,0,1,0,6,0,1,0,0,0
32332,-1,0,0,1,0,0,0,0,4,0,0,0,0,0,0
32334,-1,0,0,2,0,0,0,1,0,1,0,0,0,0,0
32337,-1,0,0,2,1,0,0,1,0,2,0,0,0,2,1
32338,-1,0,0,2,0,0,0,1,0,0,0,0,0,0,0
32339,-1,0,0,2,0,0,0,1,0,2,0,0,0,0,0
32340,-1,0,0,4,0,0,0,1,2,2,0,0,0,0,0
32341,-1,0,0,2,0,0,0,1,0,0,0,0,0,0,0
32342,-1,0,0,2,0,1,0,2,0,1,0,0,0,0,0
32344,-1,0,2,2,0,0,0,2,1,2,0,0,0,0,0
32345,-1,0,0,2,0,0,0,1,0,1,0,0,0,0,0
32348,-1,0,0,2,0,0,0,1,0,1,0,0,0,0,0
32350,-1,0,0,2,0,0,0,1,0,1,0,0,0,0,0
32351,-1,0,0,2,0,0,0,2,0,1,0,0,0,0,0
32352,-1,0,0,3,0,0,0,1,0,2,0,0,0,0,0
32353,-1,0,0,3,8,2,1,2,2,2,0,0,0,0,4
32355,-1,0,0,3,0,0,0,1,0,6,0,1,0,0,0
32358,-1,0,0,12,11,2,0,0,0,0,0,13,0,4,11
32359,-1,0,2,2,0,0,0,2,1,1,0,0,0,0,0
32361,-1,0,0,2,0,0,0,1,0,1,0,0,0,0,0
32363,-1,0,0,3,0,0,0,1,0,5,0,1,0,0,0
32364,-1,0,0,2,1,0,0,1,0,1,0,0,0,2,1
32365,-1,0,0,2,0,0,0,1,0,1,0,0,0,0,0
32366,-1,0,0,3,0,0,0,1,0,1,0,0,0,0,0
32368,-1,0,0,4,0,0,0,1,2,1,0,0,0,0,0
32373,-1,0,0,3,0,0,0,1,0,5,0,1,0,0,0
32377,-1,0,0,3,8,2,1,2,2,1,0,0,0,0,4
32430,-1,0,1,3,0,1,0,1,0,1,0,0,0,0,0
32434,-1,0,1,3,0,1,0,1,0,1,0,0,0,0,0
32436,-1,0,1,3,0,1,0,1,0,1,0,0,0,0,0
32465,-1,0,0,2,0,0,0,1,0,1,0,0,0,0,0
32471,-1,0,4,2,0,0,12,1,2,1,0,0,0,0,0
32473,-1,0,6,2,0,0,11,1,2,0,0,0,0,0,0
32486,-1,0,12,2,1,0,8,1,1,1,0,0,0,0,1
32518,-1,0,2,2,0,1,2,9,2,0,0,0,0,0,0
32524,-1,0,6,2,0,0,10,1,2,1,0,0,0,0,0
32532,-1,0,2,1,0,1,0,9,1,1,0,0,0,0,0
32566,-1,0,2,1,0,2,7,9,1,2,0,0,0,0,0
32571,-1,0,2,2,0,1,0,9,1,1,0,0,0,0,0
32577,-1,0,3,2,0,2,4,9,2,1,0,0,0,1,0
32698,-1,0,1,3,0,1,0,3,2,1,0,0,0,0,0
32703,-1,0,1,3,0,1,0,2,1,2,0,0,0,0,0
32712,-1,0,0,2,0,0,0,1,0,1,0,0,0,0,0
32779,-1,0,2,3,0,1,0,1,4,1,0,0,0,0,0
32784,-1,0,0,2,0,0,0,1,0,1,0,0,0,0,0
32785,-1,0,1,3,0,1,1,1,0,1,0,0,0,0,0
32832,-1,0,1,3,0,2,0,1,2,0,0,0,0,0,0
32838,-1,0,10,3,0,1,0,1,3,1,0,0,0,0,0
32881,-1,0,4,2,0,0,0,1,0,1,0,0,0,0,0
32888,-1,0,0,2,0,0,9,1,6,1,0,0,0,0,0
32907,-1,0,2,2,0,0,2,2,2,1,0,0,0,0,0
32920,-1,0,4,2,0,0,2,3,1,1,0,0,0,0,0
32941,-1,0,3,2,0,0,1,1,1,1,0,0,0,0,0
33066,-1,0,0,1,0,0,1,0,0,5,0,0,0,0,0
33079,2,1,0,3,2,1,0,1,0,3,1,1,0,16,2
33089,-1,0,0,1,0,0,1,0,0,3,0,0,0,0,0
33098,2,1,1,61,60,1,15,0,0,3,6,1,0,81,60
33099,2,1,3,60,59,1,12,0,1,3,17,1,0,117,59
33100,2,1,1,30,27,1,8,1,0,3,11,1,0,106,27
33101,2,1,0,19,24,1,9,0,0,3,7,1,0,52,24
33102,2,1,0,68,67,1,13,0,0,3,17,1,0,111,67
33103,2,1,2,53,49,1,12,2,0,3,6,1,0,146,49
33104,2,1,1,50,49,1,3,0,0,3,6,1,0,97,49
33105,2,1,0,14,13,1,2,0,0,3,0,1,0,42,13
33106,2,1,0,4,3,1,2,1,0,3,1,1,0,25,3
33107,2,1,0,3,2,1,0,0,0,3,0,1,0,16,2
33109,2,1,0,3,2,1,0,0,0,3,0,1,0,16,2
33110,2,1,2,10,9,1,0,0,0,3,0,1,0,30,9
33112,2,1,0,15,13,1,0,1,0,3,1,1,0,37,13
33115,2,1,0,7,6,1,0,0,0,3,1,1,0,25,6
33143,2,1,0,12,10,1,0,1,1,3,7,1,0,17,10
33207,-1,0,2,2,2,7,1,13,1,0,0,0,0,1,2
33650,-1,0,1,0,0,1,0,0,0,7,0,0,0,0,0
33971,1,1,0,1,0,2,0,0,4,1,0,0,1,7,0
34643,-1,0,0,0,0,0,0,0,0,7,0,20,0,0,0
34855,-1,0,0,0,0,1,0,0,0,0,0,1,1,0,0
34931,-1,0,0,0,0,1,0,0,0,0,0,0,1,0,0
34980,-1,0,0,2,0,2,0,0,0,2,0,0,1,5,0
34982,-1,0,0,0,0,5,4,1,0,2,0,0,1,4,0
35061,-1,0,0,0,0,1,0,0,0,0,0,0,1,0,0
35068,-1,0,0,5,7,6,0,3,0,1,0,0,1,0,7
35070,-1,0,0,11,5,15,9,6,18,15,0,0,1,6,0
35174,-1,0,0,0,0,3,0,0,1,1,0,0,1,0,0
35199,-1,0,0,0,0,1,0,2,2,0,0,0,1,0,0
35254,-1,0,0,1,0,7,0,1,6,1,0,1,1,0,0
35456,2,1,0,26,38,0,0,0,23,4,1,1,0,17,1
35467,-1,1,0,28,38,4,8,0,8,8,0,1,0,17,4
35472,-1,1,0,25,38,1,1,0,5,4,0,1,0,16,7
35720,-1,0,0,0,0,0,0,1,0,8,0,0,0,1,0
35727,2,1,2,17,24,5,65,1,24,58,2,0,0,39,1
35834,-1,1,0,0,0,1,0,0,0,3,0,3,0,13,0
35836,-1,1,0,0,0,0,0,0,0,0,0,1,0,2,0
35847,-1,1,0,0,0,2,13,0,0,3,0,3,0,13,0
35850,-1,1,0,0,0,1,0,0,0,3,0,3,0,12,0
35877,-1,0,0,0,0,0,0,0,0,6,0,1,0,0,0
35975,-1,0,0,21,20,1,3,6,8,6,0,0,0,9,2
36481,-1,0,1,0,0,0,0,0,2,4,0,4,0,0,0
36774,1,1,0,11,13,2,2,11,2,8,2,0,0,20,6
36790,1,1,1,11,13,2,0,12,2,7,0,0,0,19,6
37343,-1,2,0,19,22,2,0,12,1,12,0,0,0,16,22
37382,2,1,0,11,13,2,0,11,1,8,1,0,0,19,13
37696,-1,0,0,10,13,2,0,11,7,13,0,0,0,13,1
37714,1,1,1,11,13,2,0,13,6,7,0,0,0,24,2
37719,1,1,0,11,13,2,1,12,5,7,1,0,0,21,2
37933,2,0,0,1,0,1,0,3,6,16,0,1,0,28,0
37992,1,1,1,18,16,2,1,11,3,7,0,0,0,17,5
38031,2,1,0,10,13,6,2,11,2,7,0,0,0,21,6
38182,-1,0,0,10,13,2,0,11,0,8,2,0,0,10,13
38391,2,1,9,16,13,2,0,23,9,7,1,0,0,36,1
38857,2,1,10,11,13,2,0,21,10,7,0,0,0,22,1
38860,2,1,10,12,13,2,2,21,10,7,0,0,0,22,1
38861,2,1,2,13,15,4,0,21,2,7,0,0,0,23,7
38863,2,1,11,13,13,2,0,23,10,7,0,0,0,39,1
38864,2,1,10,25,27,2,1,21,11,7,2,0,0,21,2
39258,2,1,6,11,13,2,0,24,6,7,0,0,0,31,2
39259,2,1,10,18,13,2,0,23,10,7,0,0,0,39,1
39260,2,1,10,14,13,2,0,29,11,7,0,0,0,41,1
39261,2,1,11,11,13,2,0,28,10,7,0,0,0,39,1
39262,2,1,11,13,13,2,0,25,10,7,1,0,0,35,1
39263,2,1,11,11,13,2,0,22,10,7,0,0,0,40,1
39264,2,1,11,12,13,3,0,24,10,7,0,0,0,43,1
39265,2,1,10,14,13,2,0,24,11,7,0,0,0,37,1
39266,2,1,10,11,13,2,0,21,10,7,0,0,0,41,1
39407,2,1,11,17,13,3,0,22,10,7,0,0,0,41,1
39408,2,1,12,14,13,2,0,25,10,7,0,0,0,36,1
39409,2,1,12,11,13,2,0,26,10,7,0,0,0,40,1
39425,2,1,10,13,13,2,0,24,12,7,0,0,0,36,1
39426,2,1,10,11,13,2,0,22,10,7,0,0,0,37,1
39427,2,1,11,11,13,2,0,21,11,7,0,0,0,38,1
39428,2,1,10,12,13,2,0,22,11,7,0,0,0,42,1
39429,2,1,10,11,13,2,0,27,10,7,1,0,0,37,1
39430,2,1,10,13,13,3,0,27,13,7,0,0,0,41,1
39431,2,1,10,15,15,2,0,23,10,7,0,0,0,41,1
39432,2,1,11,16,13,3,0,25,12,7,0,0,0,36,1
39517,2,1,10,12,13,2,2,21,10,7,0,0,0,22,1
39520,2,1,2,11,13,2,0,21,2,7,0,0,0,21,6
39541,2,1,2,11,13,2,0,21,2,7,0,0,0,21,6
39598,2,1,10,11,13,2,0,21,10,7,0,0,0,22,1
39599,2,1,8,11,13,2,0,21,8,7,0,0,0,21,1
39660,2,1,8,11,13,2,0,21,8,7,0,0,0,21,1
39977,-1,0,0,10,13,2,0,11,0,8,0,0,0,10,13
40282,1,0,1,10,13,2,0,11,1,7,0,0,0,11,13
40536,2,1,10,11,13,2,3,22,10,7,0,0,0,43,1
40577,2,1,10,12,13,2,0,24,12,7,0,0,0,37,1
40578,2,1,16,16,15,8,14,25,10,7,0,0,0,50,1
40621,2,1,10,12,13,2,0,22,11,7,0,0,0,37,1
40929,2,1,10,12,13,2,0,27,10,7,0,0,0,37,1
40930,2,1,11,12,13,2,0,23,10,7,0,0,0,44,1
40931,2,1,10,13,13,2,0,23,11,7,0,0,0,42,1
40932,2,1,10,11,13,2,0,23,10,7,0,0,0,37,1
40933,2,1,13,19,13,2,4,29,10,7,0,0,0,38,1
40934,2,1,11,12,13,2,9,21,11,7,1,0,0,43,1
40951,2,1,10,11,13,2,3,22,10,7,0,0,0,43,1
40952,2,1,11,12,13,2,3,23,11,7,0,0,0,37,1
40953,2,1,12,13,13,2,0,26,11,7,0,0,0,39,1
41009,2,1,11,12,13,2,3,23,11,7,0,0,0,37,1
41010,2,1,10,26,13,2,1,24,14,7,0,0,0,36,0
41075,2,1,5,11,13,2,0,22,10,7,0,0,0,35,1
41259,2,1,9,11,13,2,0,21,8,7,0,0,0,32,1
41264,2,1,11,11,13,3,0,22,10,7,0,0,0,37,1
41265,2,1,10,11,13,2,0,24,10,7,0,0,0,37,1
41266,2,1,9,14,13,2,0,23,10,7,0,0,0,39,1
41288,2,1,10,13,13,4,1,25,10,7,0,0,0,38,1
41291,2,1,10,11,13,2,0,21,10,7,0,0,0,35,1
41560,1,0,1,11,13,4,0,11,1,7,0,0,0,11,13
42330,2,1,11,18,13,2,0,24,11,7,1,0,0,25,1
42448,2,1,10,11,13,2,3,21,10,7,1,0,0,22,1
42499,2,1,10,11,13,2,3,21,10,7,1,0,0,22,1
42715,2,1,12,11,13,2,0,22,10,7,1,0,0,43,1
43532,2,1,14,14,13,2,1,22,10,7,0,0,0,43,1
43535,2,1,10,11,13,2,0,21,10,7,0,0,0,36,1
43749,2,1,2,21,23,2,1,22,10,7,1,0,0,36,2
44662,2,1,11,17,13,2,10,26,10,7,0,0,0,40,1
45223,-1,1,0,10,13,6,2,11,2,7,0,0,0,21,6
45429,2,1,10,11,13,2,1,21,10,7,0,0,0,38,1
45430,2,1,11,11,13,2,0,21,10,7,0,0,0,36,1
45434,2,1,10,11,13,2,0,22,10,7,0,0,0,37,1
45435,2,1,10,11,13,2,0,22,10,7,0,0,0,37,1
45641,1,1,1,11,13,2,1,11,0,8,0,0,0,19,13
45687,2,1,10,11,13,2,0,21,10,7,0,0,0,35,1
45688,2,1,14,17,13,3,0,24,10,7,0,0,0,42,1
45969,-1,0,0,1,1,4,2,3,0,9,0,0,0,1,1
46204,-1,1,0,2,1,1,1,0,2,6,0,0,0,7,0
46360,-1,0,0,1,1,1,1,1,0,7,0,0,0,0,1
46383,-1,0,0,0,1,0,1,2,0,8,0,0,0,1,1
46473,-1,0,27,6,5,21,11,8,0,13,0,0,0,5,5
46486,-1,0,0,3,1,11,3,2,6,10,0,0,0,3,0
46547,2,1,2,3,3,0,1,1,7,11,0,0,0,6,0
46781,-1,0,0,0,1,0,0,1,0,9,0,0,0,0,1
46791,-1,0,56,9,1,3,9,11,1,13,0,0,0,7,1
47311,1,1,0,2,1,3,0,5,0,1,0,0,0,3,1
47326,-1,0,0,4,5,1,1,0,0,4,0,0,0,0,5
47625,2,1,0,4,6,3,6,5,8,6,0,0,0,19,0
47634,2,1,0,3,5,1,3,6,9,6,0,0,0,26,0
47661,2,1,0,3,5,1,3,2,5,6,0,0,0,18,1
47776,-1,0,2,0,5,3,10,1,9,2,0,0,0,0,0
47852,-1,0,0,3,3,3,10,0,0,27,0,0,0,1,3
48015,-1,0,0,4,3,0,0,5,0,2,0,0,0,1,3
48081,-1,0,0,1,4,2,0,0,7,1,0,9,0,0,0
48181,1,3,0,9,4,0,0,3,4,2,0,0,0,11,1
48184,1,3,0,9,4,1,0,3,4,2,0,0,0,11,1
48216,2,1,0,11,6,2,6,3,30,3,0,0,0,38,0
48251,2,3,0,10,3,0,0,3,8,2,0,0,0,27,0
48323,-1,0,2,0,0,0,0,1,4,4,0,0,0,7,0
48734,2,1,0,3,3,4,2,1,4,7,0,0,0,9,0
48834,-1,0,1,1,1,0,7,2,0,1,0,0,0,11,1
48836,2,1,2,4,2,2,31,0,45,1,0,0,0,18,0
48838,1,2,1,2,0,2,8,0,1,2,0,0,0,18,0
48840,-1,3,1,2,0,0,8,0,21,1,0,0,0,22,0
48844,2,3,3,6,2,0,68,2,94,1,0,0,0,29,0
48846,1,2,1,1,0,1,8,0,1,1,0,0,0,10,0
48851,2,2,1,2,0,0,16,0,31,1,0,0,0,23,0
48852,2,3,1,1,0,0,29,0,35,1,0,0,0,21,0
48857,2,1,1,1,0,0,14,0,9,1,0,0,0,13,0
48858,2,2,1,3,0,0,15,0,10,1,0,0,0,15,0
48860,-1,2,1,4,1,0,8,0,1,1,0,0,0,22,1
48864,-1,0,1,5,15,8,2,8,1,5,0,0,0,16,15
48894,-1,1,2,5,15,4,2,6,1,2,0,0,0,21,15
51839,-1,0,0,26,103,1,1,16,0,8,0,1,0,1,103
55925,-1,0,0,26,103,1,1,19,0,10,0,1,0,2,103
56718,-1,0,0,26,103,1,1,16,0,6,0,1,0,1,103
57211,-1,0,0,26,104,1,1,16,0,7,0,1,0,1,104
58029,-1,0,3,3,1,1,6,4,2,2,0,0,0,6,0
58170,1,1,0,2,1,3,0,5,1,1,0,0,0,3,1
58199,-1,0,3,26,12,1,0,4,7,13,0,1,0,11,1
58316,1,2,0,2,0,1,0,0,3,3,0,0,0,10,0
58319,1,2,0,5,0,1,0,0,3,3,0,0,0,13,0
58325,-1,0,0,0,0,0,0,1,0,3,0,1,0,0,0
58342,1,2,0,2,0,1,0,0,3,3,0,0,0,10,0
58343,1,2,0,3,1,0,0,0,3,3,0,0,0,10,0
58348,1,2,0,2,0,0,0,0,3,3,0,0,0,9,0
58349,1,2,0,2,0,0,3,0,3,3,0,0,0,10,0
58350,1,2,0,2,0,0,0,0,3,3,0,0,0,9,0
58354,1,2,0,2,0,1,0,0,3,3,3,0,0,10,0
58422,-1,0,0,2,0,2,4,6,1,15,0,1,0,5,0
58449,-1,0,3,0,1,0,0,0,0,1,0,1,0,2,1
58646,-1,1,0,3,2,1,0,2,0,1,0,0,0,19,2
58696,-1,0,0,0,0,0,2,0,0,1,0,0,0,0,0
58697,-1,0,0,0,0,0,14,0,0,1,0,0,0,0,0
58729,-1,0,0,0,0,2,17,0,0,6,0,0,0,0,0
58969,1,2,0,2,0,0,5,2,5,0,0,0,0,9,0
58974,-1,0,0,4,2,11,28,2,4,1,0,0,0,2,0
59183,1,2,0,5,2,0,7,2,5,0,0,0,0,9,0
59675,-1,1,0,4,3,0,0,8,1,3,0,0,0,5,3
59715,-1,0,1,6,2,0,0,10,0,2,0,0,0,3,2
59857,-1,0,0,3,2,0,0,8,0,2,0,0,0,3,2
59933,-1,0,0,0,0,0,0,0,0,0,0,0,0,0,0
60150,-1,0,0,3,2,0,0,8,0,2,0,0,0,3,2
60300,-1,1,0,3,2,0,0,8,10,4,0,0,0,8,0
60530,-1,0,0,37,49,0,0,2,0,17,0,0,0,7,49
60533,-1,0,0,28,29,0,0,2,0,1,0,0,0,3,29
60535,-1,0,0,29,34,0,0,4,2,1,0,0,0,3,17
60540,-1,1,0,26,26,0,0,2,1,1,0,0,0,8,26
60541,-1,1,0,34,33,0,0,2,0,1,0,0,0,8,33
60547,-1,1,0,32,33,0,0,3,1,1,0,0,0,9,33
60549,-1,0,0,20,20,3,0,4,1,4,0,0,0,11,20
60553,-1,0,0,33,33,0,0,2,0,1,0,0,0,3,33
61153,-1,0,0,3,10,0,0,3,1,10,0,0,0,1,10
61349,-1,0,0,4,4,7,10,3,1,10,0,0,0,6,4
61478,-1,0,0,6,6,0,27,2,1,69,0,0,0,3,6
61588,-1,0,0,4,4,0,2,3,1,10,0,2,0,1,4
61679,-1,1,0,1,0,0,0,1,7,5,0,0,0,8,0
61787,-1,1,0,0,0,0,0,3,14,5,0,0,0,19,0
62259,-1,0,0,4,0,0,0,1,2,3,0,0,0,0,0
62322,-1,0,0,0,0,0,4,1,2,3,0,1,0,0,0
62495,-1,1,4,5,0,3,0,7,2,5,0,0,0,4,0
62584,-1,2,4,5,0,2,0,15,8,24,0,0,0,17,0
63067,-1,0,0,2,1,1,0,0,6,14,0,0,0,0,0
63098,-1,0,0,3,1,3,0,0,4,15,0,0,0,0,0
63252,-1,1,0,16,15,1,0,6,1,7,0,0,0,6,15
63260,-1,0,0,9,8,1,0,1,1,1,0,0,0,6,8
63450,-1,0,0,9,9,2,1,0,1,1,0,0,0,2,9
63530,-1,0,0,12,12,0,0,5,0,5,0,0,0,3,12
63584,-1,0,0,14,14,1,0,6,0,5,0,0,0,3,14
63717,-1,1,0,6,5,0,0,7,1,3,0,0,0,2,5
63854,1,1,0,1,0,1,0,1,5,4,0,0,0,4,0
64049,-1,0,0,17,16,4,0,5,0,6,0,0,0,3,16
64333,-1,0,0,1,0,1,1,8,4,4,0,0,0,0,0
64471,-1,0,0,11,16,0,0,3,3,6,0,6,0,0,5
64552,-1,0,0,8,5,0,1,9,4,3,0,0,0,0,1
64860,-1,0,0,1,0,1,1,11,2,4,0,0,0,3,0
65094,-1,0,0,1,0,0,1,9,2,4,0,0,0,0,0
65314,-1,0,0,2,1,0,1,9,2,6,0,0,0,1,0
65357,-1,0,0,1,0,0,1,9,2,5,0,0,0,0,0
65360,-1,0,0,6,7,2,1,9,3,5,0,0,0,0,2
65580,-1,0,0,1,0,0,15,8,4,3,0,0,0,0,0
65695,-1,0,1,3,1,0,1,12,5,4,0,1,0,6,0
65721,-1,0,0,1,0,0,1,9,2,4,0,0,0,0,0
67091,-1,0,0,1,0,0,0,8,0,4,0,0,0,0,0
67406,-1,1,0,5,5,0,0,9,3,3,0,0,0,2,1
67783,-1,0,0,1,2,0,0,2,2,4,0,0,0,6,1
67822,-1,0,1,2,2,2,0,5,2,5,0,0,0,9,1
67974,-1,0,0,0,0,0,0,0,2,1,0,3,0,0,0
68876,-1,0,0,0,1,2,0,1,1,2,0,2,0,2,1
69083,-1,0,0,0,0,0,0,2,1,1,0,0,0,0,0
69181,-1,0,1,9,8,1,1,0,2,6,0,0,0,2,4
69234,-1,0,0,0,0,0,0,0,0,0,0,0,0,0,0
69312,-1,2,0,1,0,1,8,0,0,4,0,0,0,7,0
69317,-1,1,0,2,1,1,19,0,1,8,0,0,0,4,1
69440,-1,2,0,0,1,0,0,0,0,5,0,0,0,7,1
69625,1,1,1,1,0,1,2,0,3,22,0,2,0,11,0
69664,-1,1,0,0,0,0,0,1,0,8,0,0,0,5,0
69720,-1,0,0,0,0,0,0,1,0,1,0,0,0,2,0
69725,-1,0,0,0,0,0,0,1,0,1,0,0,0,0,0
69801,-1,0,1,0,0,0,0,1,0,1,0,0,0,2,0
69853,-1,0,0,0,0,0,2,3,0,2,0,0,0,0,0
69966,2,1,11,224,143,0,17,307,304,157,0,0,0,34,0
69967,-1,0,0,0,3,0,0,1,0,1,0,0,0,0,3
70259,2,1,1,4,2,2,4,3,0,3,0,1,0,14,2
70267,1,2,1,3,2,0,4,0,2,16,0,2,0,14,1
70269,1,2,3,1,0,0,1,0,2,15,0,2,0,12,0
70270,1,2,1,1,2,0,1,0,2,16,0,2,0,14,1
70291,2,1,0,1,1,1,2,2,2,7,2,1,0,7,0
70437,-1,0,0,5,0,1,2,2,8,16,0,0,0,0,0
70464,-1,2,0,0,0,0,0,0,1,1,0,0,0,9,0
70465,-1,2,0,0,0,0,0,0,1,1,0,0,0,7,0
70467,2,2,0,0,0,9,19,0,1,19,0,9,0,16,0
70468,1,2,0,0,0,7,16,2,1,15,0,7,0,14,0
70488,1,2,0,1,4,1,2,0,1,3,0,1,0,8,4
70489,1,2,0,1,1,2,2,0,1,3,0,1,0,8,1
70492,1,2,0,1,1,1,2,0,1,3,0,1,0,8,1
70493,1,2,0,1,1,1,2,0,1,3,0,1,0,8,1
70495,1,2,0,1,1,1,2,0,1,3,0,1,0,8,1
70496,1,2,0,1,1,1,2,0,1,3,0,1,0,8,1
70497,1,2,0,4,1,1,2,0,1,3,0,1,0,8,1
70498,1,2,0,1,1,1,2,0,1,3,0,1,0,8,1
70499,1,2,0,1,1,1,2,0,1,3,0,1,0,8,1
70500,1,2,0,0,0,1,2,1,1,3,0,1,0,8,0
70502,1,2,0,0,0,1,3,4,1,3,0,1,0,8,0
70503,1,2,0,1,1,1,2,0,1,3,0,1,0,8,1
70504,1,2,0,0,0,1,2,1,1,3,0,1,0,8,0
70506,1,2,0,0,0,1,2,1,1,3,0,1,0,8,0
70507,1,2,0,0,0,1,2,1,1,3,0,1,0,8,0
70508,1,2,0,0,0,1,2,0,1,3,0,1,0,8,0
70729,1,2,1,1,1,0,1,1,2,9,0,0,0,12,0
70811,2,1,1,16,1,1,13,5,8,5,1,0,0,14,0
71442,2,1,0,0,0,0,1,0,0,2,0,0,0,2,0
71611,-1,0,0,5,0,1,0,1,0,1,0,0,0,4,0
72081,2,1,0,0,8,1,5,3,3,10,2,1,0,12,2
72306,1,1,1,0,0,0,4,3,1,2,0,0,0,5,0
72307,1,1,1,1,0,1,7,1,1,2,0,0,0,4,0
72791,2,1,0,1,1,5,38,5,36,14,0,4,0,8,0
73086,-1,0,0,0,0,0,0,1,0,7,0,0,0,0,0
73326,2,1,0,3,10,1,26,0,20,15,0,0,0,15,0
73368,-1,0,1,1,1,0,1,0,1,1,0,0,0,1,1
73405,2,1,0,1,1,1,13,0,6,1,0,0,0,10,0
73420,1,1,0,3,2,3,6,2,1,1,0,0,0,8,2
73942,-1,0,2,1,1,0,0,0,2,0,0,0,0,8,0
74206,-1,0,0,0,0,0,0,2,0,2,0,1,0,0,0
75049,-1,0,0,5,0,14,1,3,5,23,0,0,0,4,0
75292,-1,0,0,0,0,0,0,1,2,5,0,1,0,0,0
76578,1,2,0,1,1,2,7,2,1,1,0,0,0,6,1
76586,1,2,0,1,1,2,7,2,1,1,0,0,0,6,1
76596,-1,0,0,1,1,0,1,0,5,1,0,0,0,1,0
76621,1,2,0,3,2,2,10,3,1,1,0,0,0,7,2
76622,1,2,0,3,2,2,7,2,1,1,0,0,0,7,2
76769,2,2,0,5,3,2,63,4,29,1,0,0,0,9,0
76796,1,2,0,1,1,2,7,4,1,1,0,0,0,6,1
76798,1,2,0,6,1,2,6,2,1,1,0,0,0,6,1
76799,1,2,0,1,1,2,7,2,1,1,0,0,0,6,1
76800,1,2,1,1,1,3,8,2,1,1,0,0,0,8,1
76803,1,2,0,1,1,2,7,2,1,1,0,0,0,6,1
76806,1,2,0,1,1,2,8,2,1,1,0,0,0,6,1
76807,1,2,0,1,1,2,7,2,1,1,0,0,0,6,1
76808,1,2,0,1,1,2,8,2,1,1,0,0,0,6,1
76888,-1,0,0,0,0,0,0,1,0,1,0,0,0,0,0
76908,-1,0,0,0,0,0,0,2,0,2,0,0,0,0,0
77113,-1,0,0,2,0,0,1,1,0,0,0,0,0,0,0
77126,-1,0,0,2,0,0,0,1,0,1,0,0,0,0,0
77141,-1,0,0,4,2,0,1,1,4,0,0,0,0,0,0
77159,-1,0,0,2,0,0,0,1,0,2,0,0,0,0,0
77535,-1,0,0,11,0,2,0,16,0,3,0,1,0,0,0
77566,-1,0,1,11,0,0,0,15,0,3,0,1,0,0,0
77610,2,1,0,6,6,4,7,1,0,3,0,1,0,11,6
77613,2,1,0,4,3,1,0,1,0,3,0,1,0,9,3
77615,2,1,0,9,7,1,0,1,0,3,0,1,0,16,7
77617,2,1,0,23,20,4,8,1,1,3,8,1,0,36,20
77954,-1,0,0,18,0,0,1,1,0,4,0,1,0,2,0
77975,-1,0,0,0,0,0,1,0,0,4,0,0,0,0,0
78020,-1,0,0,0,1,0,3,3,0,7,0,0,0,0,1
78174,-1,0,0,0,0,1,0,0,0,9,0,0,0,1,0
78189,-1,0,0,0,0,0,0,0,0,5,0,1,0,1,0
78200,-1,0,0,0,0,0,0,1,0,4,0,0,0,1,0
78203,-1,0,0,0,0,1,0,0,0,13,0,0,0,1,0
78204,-1,0,0,0,0,1,0,0,0,12,0,0,0,1,0
78206,-1,0,0,0,0,0,0,0,0,5,0,0,0,1,0
78213,-1,0,0,0,0,0,0,9,0,5,0,0,0,2,0
78227,-1,0,0,0,0,0,0,1,0,5,0,1,0,1,0
78241,-1,1,0,0,0,0,0,0,4,4,0,0,0,8,0
78251,1,1,0,0,0,0,0,0,4,4,0,0,0,6,0
78252,-1,0,0,0,0,2,1,0,0,30,0,0,0,1,0
78253,-1,1,0,1,0,3,13,0,2,5,0,0,0,2,0
78254,-1,1,1,2,0,2,4,0,2,10,0,0,0,3,0
78255,1,1,0,0,0,0,0,0,4,4,0,0,0,6,0
78256,-1,1,0,0,0,0,0,0,4,4,0,0,0,8,0
78257,-1,0,0,0,0,1,0,0,0,5,0,0,0,1,0
78368,2,1,0,3,3,1,13,1,12,1,0,0,0,10,0
78412,-1,0,0,0,0,1,8,0,0,3,0,1,0,1,0
78496,-1,0,1,1,1,0,4,0,0,2,0,0,0,1,1
78907,-1,0,0,4,6,2,5,2,5,5,0,0,0,10,1
81445,-1,0,0,1,0,1,0,1,1,0,0,0,0,2,0
81569,-1,0,7,22,20,6,0,21,142,0,0,1,0,49,0
81699,-1,0,0,22,7,161,4,111,21,0,0,1,0,6,0
81735,-1,0,0,2,0,33,1,48,1,0,0,1,0,5,0
81854,-1,0,0,18,13,32,10,24,4,0,0,1,0,1,3
82084,-1,0,0,8,1,268,0,6,3,0,0,1,0,0,0
82493,-1,0,0,3,7,13,1,0,0,0,0,1,0,0,7
82558,-1,0,0,71,30,325,14,93,27,0,0,11,0,13,1
87171,-1,0,0,3,5,1,3,0,3,5,0,1,0,9,1
90628,-1,0,0,5,0,1,0,0,0,2,0,0,0,0,0
90899,-1,1,1,1,1,1,0,0,2,9,0,3,0,0,0
92154,-1,0,1,3,0,4,48,4,80,77,0,1,0,15,0
92336,-1,0,0,11,1,1,0,15,0,4,0,1,0,1,1
92463,-1,1,2,0,0,0,0,0,0,0,0,0,0,6,0
92480,2,1,0,12,10,1,0,1,1,3,7,1,0,17,10
92557,2,1,0,1,1,5,38,5,36,14,0,4,0,8,0
92688,-1,0,0,10,0,0,0,1,2,3,0,0,0,0,0
92718,-1,0,0,0,1,0,0,0,0,1,0,0,0,3,1
92724,-1,0,0,2,0,0,1,1,0,1,0,0,0,0,0
92746,-1,0,0,0,0,0,0,0,0,1,0,0,0,0,0
92747,-1,0,0,2,0,0,0,1,0,6,0,0,0,0,0
92748,-1,0,0,0,0,0,0,0,0,0,0,0,0,0,0
93175,-1,0,0,11,0,0,0,16,1,3,0,1,0,0,0
93274,1,2,0,1,1,2,7,2,1,1,0,0,0,6,1
93275,1,2,0,1,1,2,5,2,1,1,0,0,0,6,1
93276,1,2,0,1,1,2,6,4,1,1,0,0,0,6,1
93278,1,2,0,1,1,2,6,2,1,1,0,0,0,6,1
93433,-1,0,0,1,0,1,0,1,0,4,0,1,0,1,0
94167,-1,0,0,0,0,2,3,3,1,8,0,0,0,9,0
94271,-1,0,10,7,3,2,6,2,0,11,0,0,0,5,3
94273,-1,0,0,0,0,0,0,1,0,8,0,0,0,1,0
94360,-1,0,0,0,2,0,0,1,1,9,0,0,0,0,2
94407,-1,0,0,0,0,0,0,1,0,9,0,0,0,0,0
94413,-1,0,0,0,0,0,2,4,3,11,0,0,0,0,0
94496,-1,0,0,1,0,0,5,1,2,5,0,0,0,1,0
94698,-1,0,0,1,1,1,10,5,0,24,0,7,0,0,1
94700,-1,0,0,10,5,1,101,0,0,24,0,7,0,0,5
94922,-1,0,0,0,0,0,0,0,0,0,0,0,0,0,0
94945,-1,0,0,0,0,0,0,0,1,0,0,0,0,0,0
95003,-1,0,0,0,0,1,0,0,1,4,0,3,0,0,0
95178,-1,0,0,4,0,0,0,0,0,2,0,0,0,0,0
95192,2,1,0,1,1,0,1,2,20,0,1,0,0,6,0
95198,-1,0,0,0,0,0,0,0,0,2,0,0,0,1,0
95205,2,1,0,1,1,0,1,2,20,0,1,0,0,6,0
95233,-1,0,0,1,0,0,0,0,1,10,0,0,0,0,0
95603,-1,0,0,4,0,0,0,2,1,1,0,0,0,1,0
97172,-1,0,0,2,0,0,0,1,0,1,0,0,0,0,0
98170,2,1,0,3,3,0,0,0,10,9,1,1,0,16,0
98191,1,1,1,3,1,0,0,2,3,16,0,1,0,11,0
98319,-1,1,0,1,0,1,0,0,2,10,0,1,0,37,0
98350,2,1,0,2,1,5,7,0,32,11,0,1,0,14,0
98410,1,1,0,5,0,1,1,2,3,16,0,1,0,9,0
98411,1,1,1,6,0,2,2,3,2,16,0,1,0,10,0
98412,1,1,1,4,1,2,2,4,3,16,0,1,0,10,0
98413,1,1,1,2,0,1,1,3,3,16,0,1,0,10,0
98414,1,1,1,2,0,2,1,3,3,17,0,1,0,12,0
98415,1,1,1,2,0,2,4,5,3,16,0,1,0,9,0
98416,1,1,1,2,1,2,0,3,3,16,0,1,0,9,0
98417,1,1,1,2,0,3,3,2,3,16,0,1,0,12,0
98418,1,1,1,2,0,2,1,5,3,16,0,1,0,11,0
98419,1,1,1,3,0,2,2,2,3,16,0,1,0,10,0
98555,-1,1,0,1,0,1,0,1,1,10,0,1,0,17,0
98569,2,1,0,4,4,0,59,0,127,10,0,1,0,12,0
98574,-1,1,0,1,0,1,0,0,1,9,0,1,0,16,0
98588,1,1,1,3,2,1,0,2,5,16,0,1,0,11,0
98589,1,1,1,3,2,1,0,2,5,16,0,1,0,11,0
98590,1,1,1,3,2,0,0,2,3,16,0,1,0,10,0
98594,1,1,1,4,2,0,0,2,3,16,0,1,0,10,0
98613,1,1,1,3,2,0,3,4,3,16,0,1,0,10,0
98647,1,1,1,3,2,0,0,4,3,16,0,1,0,10,0
98671,1,1,1,3,1,0,0,3,3,16,0,1,0,10,0
98678,1,1,5,3,1,0,0,2,3,16,0,1,0,10,0
98680,1,1,1,3,1,0,0,2,2,16,0,1,0,10,0
98710,1,1,1,2,0,1,2,2,3,17,0,2,0,11,0
98714,1,1,1,3,1,0,0,3,3,16,0,1,0,11,0
98774,1,1,1,3,0,0,0,3,4,16,0,1,0,12,0
98810,1,1,1,2,0,0,1,2,3,17,0,2,0,9,0
98823,1,1,1,2,0,0,0,2,3,16,0,1,0,9,0
98837,1,1,1,2,1,0,1,3,3,16,0,1,0,9,0
98838,1,1,1,2,0,0,1,4,3,16,0,1,0,11,0
98866,1,1,1,2,0,0,0,3,2,16,0,1,0,9,0
98888,-1,1,0,1,0,0,0,1,0,12,0,1,0,16,0
98913,1,1,1,2,0,0,0,2,3,16,0,1,0,9,0
98928,1,1,2,3,0,2,0,2,3,17,0,2,0,10,0
98929,1,1,1,2,0,1,0,2,3,16,0,1,0,11,0
98930,1,1,1,3,1,1,1,3,3,17,0,2,0,10,0
98935,1,1,1,4,1,1,3,2,3,16,0,1,0,11,0
98937,1,1,1,2,0,2,0,2,3,17,0,2,0,11,0
98943,1,1,0,3,1,0,0,2,3,16,0,1,0,9,0
98974,1,1,0,2,0,0,0,2,3,16,0,1,0,10,0
98975,1,1,0,5,3,0,0,2,3,16,0,1,0,10,1
98976,1,1,0,2,0,0,0,2,3,16,0,1,0,10,0
98977,1,1,0,2,0,0,0,2,3,16,0,1,0,10,0
98978,1,1,0,2,0,0,0,2,3,16,0,1,0,10,0
98979,1,1,0,2,0,0,0,2,3,16,0,1,0,10,0
98980,1,1,0,2,0,0,0,2,2,16,0,1,0,10,0
98981,1,1,0,2,0,0,0,2,3,16,0,1,0,10,0
98982,1,1,0,2,0,0,0,2,3,16,0,1,0,10,0
98983,1,1,0,2,0,0,0,2,3,16,0,1,0,10,0
98984,1,1,0,2,0,0,0,2,3,16,0,1,0,10,0
98985,1,1,0,2,0,0,0,2,3,16,0,1,0,10,0
98986,1,1,0,2,0,0,0,2,3,16,0,1,0,10,0
98987,1,1,0,2,0,0,0,2,3,16,0,1,0,10,0
98988,1,1,0,2,0,0,0,2,3,16,0,1,0,13,0
98989,1,1,0,2,0,0,0,2,3,16,0,1,0,10,0
98990,1,1,0,2,0,0,0,2,3,16,0,1,0,10,0
98991,1,1,3,2,0,0,0,2,3,16,0,1,0,10,0
98992,1,1,0,2,0,3,0,2,3,16,0,1,0,10,0
98993,1,1,0,2,0,0,0,2,2,16,0,1,0,10,0
98994,1,1,0,2,0,0,0,2,3,16,0,1,0,10,0
98995,1,1,0,2,0,0,0,2,3,16,0,1,0,10,0
98996,1,1,0,2,0,0,0,2,3,16,0,1,0,10,0
98997,1,1,0,2,0,0,0,2,3,16,0,1,0,10,0
98998,1,1,0,2,0,0,0,2,3,16,0,1,0,10,0
98999,1,1,0,2,0,0,0,2,3,16,0,1,0,10,0
99000,1,1,0,2,0,0,0,2,3,16,0,1,0,10,0
99001,1,1,2,2,0,0,0,2,3,16,0,1,0,11,0
99002,1,1,0,2,0,0,0,2,3,16,0,1,0,10,0
99003,1,1,2,2,0,0,0,3,3,16,0,1,0,12,0
99004,1,1,1,2,0,0,0,3,3,16,0,1,0,13,0
99005,1,1,2,3,0,0,0,2,2,16,0,1,0,11,0
99006,1,1,2,2,0,0,0,2,3,16,0,1,0,10,0
99007,1,1,1,2,0,0,0,2,3,16,0,1,0,11,0
99008,1,1,1,2,0,0,0,2,2,16,0,1,0,10,0
99009,1,1,1,3,0,0,0,2,3,16,0,1,0,10,0
99010,1,1,1,2,0,0,0,2,3,16,0,1,0,12,0
99011,1,1,2,2,0,0,0,2,1,16,0,1,0,11,0
99012,1,1,2,5,0,0,0,2,3,16,0,1,0,11,0
99013,1,1,1,2,0,0,0,2,3,16,0,1,0,10,0
99014,1,1,0,2,0,0,0,2,2,16,0,1,0,10,0
99015,1,1,1,2,0,0,0,2,3,16,0,1,0,10,0
99016,1,1,0,2,0,0,0,2,3,16,0,1,0,10,0
99017,1,1,1,2,0,0,0,2,3,16,0,1,0,10,0
99018,1,1,1,2,0,0,0,5,3,16,0,1,0,10,0
99019,1,1,6,2,0,0,0,2,3,16,0,1,0,11,0
99020,1,1,1,2,0,0,0,2,3,16,0,1,0,10,0
99021,1,1,1,2,0,0,0,2,3,16,0,1,0,11,0
99022,1,1,1,6,0,0,0,2,3,16,0,1,0,12,0
99023,1,1,1,2,0,0,0,2,3,16,0,1,0,10,0
99049,1,1,1,2,0,0,1,2,3,16,0,1,0,10,0
99139,1,1,1,2,0,0,0,2,3,16,0,1,0,10,0
99140,1,1,1,2,0,0,0,2,3,16,0,1,0,11,0
99141,1,1,2,2,0,0,0,3,3,16,0,1,0,11,0
99142,1,1,1,2,0,0,0,2,3,16,0,1,0,11,0
99143,1,1,1,2,0,0,0,2,3,16,0,1,0,11,0
99144,1,1,0,2,0,0,0,2,3,16,3,1,0,10,0
99145,1,1,1,3,0,0,0,2,3,16,0,1,0,10,0
99146,1,1,1,2,0,0,0,2,3,16,0,1,0,11,0
99190,-1,1,0,1,0,0,0,1,0,11,0,1,0,16,0
99202,-1,1,0,3,2,0,0,0,3,12,0,1,0,15,0
99225,1,1,0,2,0,0,0,2,2,16,0,1,0,9,0
99263,1,1,1,2,0,0,1,2,3,16,0,1,0,10,0
99264,1,1,1,2,0,0,1,2,3,16,0,1,0,10,0
99265,-1,0,0,7,3,1,0,4,1,16,0,0,0,2,3
99287,1,1,1,3,4,2,0,2,3,16,0,1,0,10,1
99288,1,1,1,2,0,0,1,2,3,16,0,1,0,10,0
99289,-1,1,0,1,0,0,0,1,0,10,0,1,0,13,0
99290,1,1,1,2,0,0,1,2,3,16,0,1,0,10,0
99291,-1,1,0,1,0,1,0,0,2,10,0,1,0,37,0
99292,1,1,1,2,0,0,0,2,3,16,0,1,0,10,0
99293,1,1,1,2,0,0,1,3,3,16,0,1,0,10,0
99297,1,1,1,2,0,0,0,2,3,16,0,1,0,10,0
99298,1,1,1,2,0,0,1,2,3,16,0,1,0,10,0
99299,1,1,1,8,0,0,1,4,3,16,0,1,0,12,0
99302,2,1,0,3,5,1,1,0,9,9,0,1,0,16,0
99303,-1,1,0,1,0,1,0,1,1,10,0,1,0,17,0
99305,-1,1,0,1,0,0,0,1,0,11,0,1,0,14,0
99310,-1,1,0,1,0,0,3,1,0,11,0,1,0,13,0
99312,-1,1,0,1,0,0,0,1,0,11,0,1,0,13,0
99313,1,1,0,2,2,0,0,1,0,11,0,1,0,17,2
99314,-1,1,0,1,0,0,0,1,0,10,0,1,0,16,0
99316,1,1,1,2,0,0,1,3,4,16,0,1,0,11,0
99319,1,1,1,3,1,0,0,2,3,16,0,1,0,11,0
99321,1,1,1,4,2,0,0,2,3,8,0,0,0,4,0
99322,1,1,1,2,0,0,0,2,3,16,0,1,0,11,0
99323,1,1,1,4,1,1,1,2,3,16,0,1,0,11,0
99324,1,1,1,2,1,1,0,2,3,16,0,1,0,10,0
99325,-1,1,0,1,0,1,0,0,1,9,0,1,0,16,0
99328,2,1,0,5,6,0,5,1,26,9,0,1,0,16,0
99330,2,1,0,6,5,0,6,0,11,10,0,1,0,12,0
99334,2,1,0,1,1,0,0,0,6,14,1,1,0,19,0
99337,1,1,1,3,1,1,5,4,3,16,0,1,0,11,0
99341,2,1,0,4,4,0,59,0,127,10,0,1,0,12,0
99349,2,1,0,2,1,0,0,2,0,11,0,1,0,19,1
99356,1,1,0,2,0,0,0,2,3,16,3,1,0,10,0
99357,2,1,7,17,41,4,32,3,605,13,1,1,0,26,0
99360,2,1,0,8,7,0,0,1,17,10,0,1,0,18,0
99366,1,1,0,3,2,0,0,0,3,12,0,1,0,15,0
99397,1,1,1,3,1,1,0,3,3,16,0,1,0,11,0
99408,1,1,1,7,1,1,0,2,3,16,0,1,0,10,0
99410,1,1,1,8,1,0,0,4,3,16,0,1,0,10,0
99411,1,1,1,3,2,0,0,2,2,16,0,1,0,11,1
99412,1,1,1,3,2,1,0,2,3,16,0,1,0,10,0
99414,1,1,1,3,2,0,0,2,3,16,0,1,0,10,0
99415,-1,1,0,3,1,0,0,5,3,16,0,1,0,13,0
99416,1,1,1,3,2,0,0,5,3,16,0,1,0,10,0
99417,1,1,1,3,2,0,0,3,3,16,0,1,0,10,0
99428,1,1,1,3,1,0,0,3,3,16,0,1,0,12,0
99429,1,1,1,3,2,0,0,3,3,16,0,1,0,11,0
99455,-1,0,2,1,0,3,0,0,2,1,0,0,0,4,0
99457,2,1,0,14,11,0,12,0,48,12,0,1,0,14,0
99458,2,1,0,8,7,0,0,1,17,10,0,1,0,18,0
99578,1,1,1,3,2,1,1,2,3,16,0,1,0,10,0
99581,1,1,1,8,2,0,0,3,2,16,0,1,0,10,1
99582,1,1,1,3,2,0,0,2,3,16,0,1,0,10,0
99614,1,1,0,2,0,1,0,2,3,16,3,1,0,9,0
99618,1,1,1,7,2,2,1,2,3,16,0,1,0,10,0
99619,1,1,1,5,2,1,2,2,3,16,0,1,0,10,0
99620,1,1,1,3,1,0,0,2,1,16,0,1,0,10,1
99621,1,1,1,3,1,0,0,2,1,16,0,1,0,12,1
99622,1,1,1,3,1,0,0,2,3,16,0,1,0,9,0
99623,1,1,1,3,1,0,0,4,1,16,0,1,0,10,1
99624,1,1,1,3,1,0,0,3,1,16,0,1,0,11,1
99808,-1,0,0,1,0,0,0,0,0,5,0,0,0,0,0
99830,1,1,0,4,2,1,0,10,3,24,0,0,0,16,0
99868,2,1,3,14,13,0,3,2,63,10,0,1,0,17,0
99871,1,1,1,3,2,1,0,2,3,16,0,1,0,10,0
99875,1,1,1,7,1,2,0,3,3,16,0,1,0,12,0
99915,1,1,1,2,0,0,0,2,3,16,0,1,0,10,0
99917,1,1,1,2,0,0,0,2,3,16,0,1,0,10,0
99918,1,1,2,2,0,2,0,2,3,16,0,1,0,12,0
99973,1,1,2,2,0,0,0,2,3,16,0,1,0,10,0
99979,1,1,1,3,0,1,0,2,3,16,0,1,0,14,0
100001,1,1,1,3,0,1,4,2,2,16,0,1,0,10,0
100002,1,1,1,2,0,0,0,6,3,16,0,1,0,11,0
100003,1,1,1,2,0,1,1,2,3,16,0,1,0,12,0
100006,1,1,1,2,0,1,1,3,3,16,0,1,0,10,0
100009,1,1,2,6,4,1,0,7,3,16,0,1,0,12,1
100026,1,1,1,2,0,1,0,3,1,16,0,1,0,14,0
100034,1,1,1,2,0,2,0,4,3,16,0,1,0,12,0
100035,1,1,1,3,0,2,1,2,3,16,0,1,0,10,0
100036,1,1,1,2,0,2,0,2,3,16,0,1,0,11,0
100037,1,1,1,2,0,0,0,2,3,16,0,1,0,11,0
100038,1,1,1,2,0,1,2,3,3,16,0,1,0,11,0
100039,1,1,1,4,0,0,0,2,3,16,0,1,0,11,0
100040,1,1,1,2,0,1,1,2,3,16,0,1,0,12,0
100041,1,1,1,4,0,1,1,2,3,16,0,1,0,11,0
100042,1,1,1,5,0,1,5,2,3,16,0,1,0,10,0
100043,1,1,1,2,0,2,4,4,3,16,0,1,0,11,0
100044,1,1,1,2,0,1,1,2,3,16,0,1,0,10,0
100045,1,1,1,2,0,2,2,3,3,16,0,1,0,12,0
100046,1,1,1,2,0,0,0,2,3,16,1,1,0,10,0
100048,1,1,1,2,0,0,0,2,1,16,0,1,0,11,0
100064,1,1,2,2,0,1,0,2,3,16,0,1,0,10,0
100089,1,1,0,2,0,0,0,2,3,16,0,1,0,10,0
100094,1,1,0,2,0,0,0,2,3,16,0,1,0,10,0
100095,1,1,1,2,0,0,0,2,3,16,0,1,0,12,0
100099,1,1,0,2,0,0,0,2,3,16,0,1,0,10,0
100235,1,1,1,2,0,1,0,2,3,17,0,2,0,11,0
100236,1,1,1,2,0,0,0,2,2,17,0,2,0,11,0
100238,1,1,1,3,0,1,0,2,3,17,0,2,0,12,0
100241,1,1,1,3,1,1,1,3,3,17,0,2,0,11,0
100251,-1,1,1,1,0,0,0,1,0,0,0,0,0,1,0
100297,1,1,1,3,2,0,0,3,3,16,0,1,0,10,0
100381,1,1,1,2,0,1,0,5,3,16,0,1,0,12,0
100385,1,1,1,3,0,1,1,2,3,16,0,1,0,11,0
100388,1,1,1,2,0,0,0,2,3,16,0,1,0,11,0
100389,1,1,1,2,0,0,0,2,4,16,0,1,0,10,0
100390,1,1,1,2,0,0,0,3,3,16,0,1,0,10,0
100391,1,1,1,2,0,0,0,3,3,16,0,1,0,11,0
100392,1,1,1,2,0,0,0,2,3,16,0,1,0,10,0
100393,1,1,1,2,0,0,0,2,3,16,0,1,0,10,0
100394,1,1,1,3,0,1,2,4,1,16,0,1,0,11,0
100395,1,1,1,2,0,1,5,18,2,16,0,1,0,12,0
100396,1,1,1,2,0,0,0,2,3,16,0,1,0,10,0
100397,1,1,1,2,0,1,1,2,3,16,0,1,0,11,0
100398,1,1,1,2,0,0,0,3,3,16,0,1,0,11,0
100400,1,1,1,2,0,3,0,2,3,16,0,1,0,10,0
100433,1,1,1,2,0,1,1,2,3,16,0,1,0,10,0
100446,2,0,0,1,0,1,0,3,6,16,0,1,0,28,0
100489,-1,0,1,0,1,1,1,6,0,1,1,0,0,8,1
103123,-1,0,0,0,0,0,0,0,1,2,0,3,0,0,0
104243,-1,0,0,0,0,0,0,0,1,6,0,3,0,0,0
105282,1,1,0,1,1,2,1,1,4,3,0,0,1,11,0
105736,-1,0,0,5,1,2,0,1,6,4,0,0,0,0,0
105744,-1,0,1,9,0,2,0,2,3,3,0,0,0,0,0
105769,-1,0,0,2,0,0,0,0,0,1,0,0,0,1,0
105771,-1,0,0,0,0,0,1,1,0,3,0,0,0,0,0
105791,-1,1,0,0,1,0,0,0,0,3,0,1,0,8,1
105994,-1,0,0,0,0,0,0,1,0,4,0,1,0,0,0
106075,-1,1,0,1,1,0,7,1,2,3,0,0,0,10,0
106300,-1,1,2,2,1,1,3,0,2,3,0,0,0,6,0
106328,-1,0,0,0,1,0,0,0,0,2,0,0,0,1,1
106522,-1,0,0,3,0,0,2,8,6,4,0,0,0,2,0
106578,-1,0,0,1,0,0,0,0,2,0,0,0,0,2,0
106671,-1,0,0,6,2,0,166,0,1,1,0,0,0,2,2
106741,-1,0,0,6,2,1,165,0,0,0,0,0,0,4,2
106854,-1,0,0,4,0,2,0,5,17,47,0,0,0,0,0
107206,-1,0,0,1,1,1,2,2,0,7,0,0,0,1,1
107471,1,2,0,3,1,0,0,6,6,5,0,0,0,17,0
107484,2,1,0,8,3,3,0,12,7,3,0,0,0,12,0
107488,2,1,0,13,5,4,3,17,8,3,0,0,0,22,0
107500,1,2,0,4,1,2,0,8,6,5,0,0,0,18,0
107501,1,2,0,3,0,2,4,8,8,5,0,0,0,16,0
107503,1,2,0,4,1,2,0,8,6,5,0,0,0,18,0
107523,1,2,0,3,1,0,0,6,6,5,0,0,0,17,0
107524,1,2,0,4,1,1,4,8,5,5,0,0,0,12,0
107547,1,3,0,0,1,1,3,1,2,1,0,1,0,9,0
107549,-1,1,0,2,0,1,7,1,1,2,0,1,0,4,0
107566,1,2,0,3,1,0,0,0,7,3,0,0,0,11,0
107576,2,2,0,12,14,1,6,0,17,3,0,0,0,26,0
107672,2,2,0,16,17,0,12,1,15,3,0,0,0,28,1
107714,1,2,0,2,1,3,2,5,1,0,0,0,0,6,1
107744,1,2,0,4,1,1,0,8,6,5,0,0,0,16,0
107757,1,2,0,3,0,1,2,8,5,5,0,0,0,14,0
108006,2,1,0,0,8,1,5,3,3,10,2,1,0,12,2
108013,-1,0,0,0,1,0,0,1,0,6,0,0,0,2,1
108055,-1,0,0,0,1,0,0,1,0,6,0,0,0,2,1
108184,1,1,0,0,0,0,0,0,1,1,0,0,0,8,0
108399,-1,1,1,7,0,2,41,3,68,76,0,1,0,21,0
108714,-1,0,0,2,0,1,2,2,1,2,0,0,0,3,0
108920,-1,0,1,1,0,0,0,1,12,1,0,1,0,2,0
109105,-1,0,1,1,0,1,6,3,24,21,0,1,0,3,0
109133,1,2,0,0,0,1,2,0,1,3,0,1,0,8,0
109135,1,2,0,0,0,1,3,0,1,3,0,1,0,8,0
109136,1,2,0,0,0,1,2,0,1,3,0,1,0,8,0
109137,1,2,0,0,0,1,2,0,1,3,0,1,0,8,0
109186,1,2,0,3,2,1,0,0,6,3,0,0,0,9,0
109239,1,2,0,5,4,0,0,0,4,3,0,0,0,15,1
109406,-1,0,0,3,1,2,0,2,0,1,0,0,0,2,1
109534,-1,0,0,1,0,0,0,0,0,1,0,0,0,0,0
109549,1,2,0,1,1,0,1,1,6,3,0,0,0,9,0
109551,1,1,0,0,0,0,3,1,9,3,0,0,0,7,0
109565,1,2,0,2,1,1,2,1,6,5,0,0,0,7,0
109795,2,1,1,15,0,0,10,4,7,4,0,0,0,12,0
109835,2,2,0,0,0,0,10,0,1,1,0,0,0,7,0
109861,1,2,0,0,0,1,2,0,1,3,0,1,0,8,0
109865,1,2,0,0,0,1,2,0,1,3,0,1,0,8,0
109866,1,2,0,0,0,1,2,0,1,3,0,1,0,8,0
109867,1,2,0,0,0,1,2,0,1,3,0,1,0,8,0
109883,2,1,0,4,3,0,20,0,42,5,0,8,0,8,0
110271,-1,0,0,1,0,4,0,4,1,13,0,0,1,1,0
110380,2,1,0,4,32,10,23,0,25,3,3,0,0,27,1
110389,1,1,0,3,2,2,1,0,6,3,1,0,0,8,0
110391,1,1,0,3,2,3,2,0,5,3,1,0,0,8,0
110401,1,1,0,4,1,1,0,0,5,3,1,0,0,8,0
110403,1,1,0,3,2,1,3,0,5,3,1,0,0,7,0
110406,1,2,0,3,3,2,3,2,5,3,1,0,0,10,0
110407,1,1,0,3,3,1,0,0,5,3,2,0,0,8,0
110408,2,1,0,3,25,3,21,0,26,3,1,0,0,26,0
110409,2,1,0,4,42,10,36,0,40,3,1,0,0,33,1
110410,2,1,0,2,17,3,26,0,15,3,1,0,0,22,1
110411,2,1,0,4,21,3,17,0,22,3,3,0,0,20,0
110412,2,1,0,3,24,4,23,0,21,3,1,0,0,26,1
110419,1,1,0,3,2,1,1,0,5,3,1,0,0,8,0
110422,1,1,0,3,1,1,0,0,5,3,1,0,0,9,0
110425,1,1,0,3,2,1,4,0,5,3,1,0,0,8,0
110426,1,1,0,3,2,1,3,0,5,3,1,0,0,8,0
110428,1,1,0,3,2,1,3,0,5,3,1,0,0,8,0
110429,1,1,0,3,2,1,3,0,5,3,1,0,0,8,0
110430,1,1,0,3,2,1,3,0,5,3,1,0,0,8,0
110431,1,1,0,3,2,1,3,0,5,3,1,0,0,11,0
110432,1,1,0,3,2,1,1,0,5,3,1,0,0,8,0
110433,1,1,0,3,2,1,1,2,5,3,1,0,0,11,0
110436,1,1,0,3,2,1,1,0,5,3,1,0,0,8,0
110440,1,1,0,3,2,1,1,0,5,3,1,0,0,9,0
110442,1,1,0,3,2,2,2,0,5,3,1,0,0,9,0
110443,1,1,0,4,2,2,3,0,5,3,1,0,0,8,0
110445,1,1,0,3,3,2,3,0,5,3,1,0,0,7,0
110447,1,1,0,8,3,2,0,3,5,3,1,0,0,9,0
110450,1,1,0,3,1,5,1,2,5,3,1,0,0,11,0
110454,1,1,0,3,1,5,1,2,5,3,1,0,0,11,0
110460,1,1,0,3,2,1,4,0,5,3,1,0,0,8,0
110462,1,1,0,3,3,1,1,0,5,3,1,0,0,8,0
110465,1,1,0,3,2,1,4,0,5,3,1,0,0,8,0
110466,1,1,0,3,2,1,4,0,5,3,1,0,0,8,0
110467,1,1,0,3,2,1,4,0,5,3,1,0,0,8,0
110468,1,1,0,3,2,1,4,0,5,3,1,0,0,8,0
110469,1,1,0,3,2,1,4,0,5,3,1,0,0,8,0
110471,1,1,0,3,3,2,1,0,5,3,1,0,0,8,0
110473,1,1,0,5,3,2,1,1,5,3,1,0,0,7,0
110479,1,1,0,3,2,3,6,0,5,3,1,0,0,9,0
110485,1,1,0,3,2,2,1,1,5,3,1,0,0,9,0
110487,1,2,1,3,4,2,11,1,5,3,1,0,0,15,0
110493,1,1,0,3,2,1,1,0,5,3,1,0,0,8,0
110494,1,1,0,3,2,1,1,0,5,3,1,0,0,8,0
110496,1,1,0,3,1,1,0,0,7,3,1,0,0,9,0
110499,1,1,0,4,3,1,1,0,5,3,1,0,0,9,0
110500,1,1,0,3,2,1,1,0,5,3,1,0,0,8,0
110501,1,1,0,4,1,1,3,0,5,3,1,0,0,7,0
110502,1,1,0,3,1,1,1,0,5,3,1,0,0,7,0
110504,1,1,0,7,1,1,0,0,6,3,1,0,0,7,0
110506,1,1,0,3,2,1,1,0,5,3,1,0,0,8,0
110507,1,1,0,3,2,1,1,0,5,3,1,0,0,8,0
110508,1,1,0,3,3,2,3,0,5,3,1,0,0,7,0
110511,1,1,0,3,1,2,7,0,6,3,1,0,0,11,0
110512,1,1,0,3,3,2,1,0,5,3,1,0,0,8,0
110516,1,1,0,3,2,1,1,0,5,3,1,0,0,9,0
110517,1,1,0,4,2,1,1,0,5,3,1,0,1,9,0
110518,1,1,0,3,2,1,4,0,5,3,1,0,0,8,0
110519,1,1,0,3,2,1,4,0,5,3,1,0,0,8,0
110522,1,1,0,4,2,1,0,1,5,3,1,0,0,8,0
110523,1,1,0,3,1,5,0,2,5,3,1,0,0,11,0
110525,1,1,0,3,3,1,7,0,6,5,1,0,0,10,0
110572,2,1,0,1,16,1,14,0,12,3,0,0,0,21,1
110638,-1,0,0,1,0,0,2,1,0,5,0,1,0,1,0
110807,1,1,1,6,0,22,0,12,2,0,0,0,0,49,0
110982,1,1,0,7,5,1,0,1,5,6,0,0,0,7,1
111000,1,2,0,2,2,3,2,5,3,2,0,0,0,7,0
111008,1,2,0,2,2,2,0,5,3,2,0,0,0,7,0
111034,-1,0,0,1,2,4,0,4,1,2,0,0,0,1,2
111039,2,1,0,1,2,2,11,4,11,2,0,0,0,4,0
111048,2,1,0,4,4,0,0,0,19,0,0,5,0,8,0
111056,-1,0,0,1,2,2,3,5,1,3,0,0,0,1,2
111124,1,2,0,1,2,2,2,4,3,2,0,0,0,5,0
111144,1,2,0,2,3,2,3,4,3,2,0,0,0,7,1
111151,1,2,0,2,3,3,2,4,3,2,0,0,0,6,1
111181,-1,0,0,1,0,0,1,0,1,0,0,0,0,4,0
111207,-1,0,0,0,0,0,1,0,0,0,0,0,0,4,0
111233,1,2,0,2,3,2,1,4,2,2,1,0,0,4,1
111238,1,2,0,1,2,2,0,4,3,2,0,0,0,5,0
111241,1,2,0,1,2,2,0,4,3,2,0,0,0,5,0
111264,1,2,0,1,2,3,1,4,3,2,0,0,0,4,0
111265,1,2,0,2,3,3,0,4,3,2,0,0,0,4,1
111267,1,2,0,1,2,2,0,4,3,2,0,0,0,5,0
111268,1,2,0,2,3,2,0,4,3,2,0,0,0,4,1
111270,1,2,0,1,2,2,0,4,3,2,0,0,0,4,0
111273,1,2,0,2,3,2,2,7,2,2,0,0,0,5,1
111275,1,2,0,2,3,2,1,4,2,2,1,0,0,4,1
111281,1,2,0,3,3,3,1,4,3,2,0,0,0,4,1
111284,1,2,0,2,3,2,2,4,4,2,0,0,0,6,0
111308,1,2,0,3,3,3,1,4,3,2,0,0,0,4,1
111321,2,1,0,1,2,2,10,6,12,2,0,0,0,5,0
111335,1,2,0,1,2,2,2,4,3,2,0,0,0,6,0
111357,1,2,0,3,4,2,0,4,3,2,0,0,0,5,1
111381,1,2,0,3,4,2,0,4,3,2,0,0,0,5,1
111460,-1,0,0,2,0,0,0,0,0,5,0,0,0,0,0
111539,-1,0,0,2,0,0,0,0,0,6,0,0,0,0,0
111594,-1,0,0,1,4,0,1,2,3,2,0,0,0,0,1
111667,-1,0,0,0,2,0,0,1,10,12,0,1,0,2,0
111690,-1,0,0,0,2,0,0,1,1,2,0,1,0,2,2
111966,-1,0,0,0,2,0,0,1,1,2,0,1,0,2,2
112942,-1,1,0,5,7,0,0,1,2,6,0,0,0,23,3
112952,-1,0,0,5,7,0,3,1,1,5,0,0,0,5,7
112954,-1,1,0,6,8,19,3,2,2,6,0,0,0,25,4
112987,1,2,0,6,7,0,0,2,3,6,0,0,0,15,2
113477,-1,1,0,6,3,0,0,12,0,2,0,0,0,4,3
113725,-1,0,1,4,7,1,0,0,1,12,0,6,0,0,7
113767,-1,0,0,2,1,0,1,8,2,6,0,0,0,6,0
114065,2,1,0,1,0,2,2,10,8,5,0,0,0,16,0
114531,-1,1,0,3,0,0,2,12,1,6,0,0,0,2,0
114704,-1,0,0,3,2,1,0,5,0,2,0,0,0,1,2
114950,-1,1,0,17,13,0,0,0,1,6,0,3,0,6,13
114959,-1,1,0,18,14,0,0,0,1,4,0,3,0,6,14
115303,-1,0,0,1,0,0,0,1,0,1,0,0,0,0,0
115417,-1,0,0,1,0,0,0,1,0,1,0,0,0,0,0
115843,-1,0,0,4,4,0,0,3,2,1,0,0,0,0,2
116006,-1,0,0,6,5,0,0,5,15,1,0,0,0,0,0
116268,-1,0,0,6,8,1,0,0,2,1,0,0,0,1,4
117652,-1,1,0,11,6,3,0,0,0,3,0,0,0,8,6
117788,-1,0,0,5,3,0,0,0,0,3,0,0,0,0,3
117918,-1,0,0,5,22,1,0,1,4,4,0,0,0,0,5
117992,-1,1,0,17,13,0,0,0,1,6,0,3,0,6,13
