id,label,fl_0,fl_1,fl_2,fl_3,fl_4,fl_5,fl_6,fl_7,fl_8,fl_9,fl_10,fl_11,fs_0,fs_1,fo_0,fo_1
69,-1,0,0,2,3,1,0,0,1,3,1,0,0,6,0,0,0
127,-1,9,0,17,1,3,17,2,8,2,6,4,0,1,1,1,1
128,-1,2,0,17,1,2,17,1,3,0,2,3,0,1,1,0,1
135,-1,9,0,0,1,1,1,0,0,0,0,0,0,12,2,1,0
137,-1,18,0,0,1,1,1,0,0,0,0,0,0,12,2,1,1
144,-1,26,0,0,1,0,1,0,0,0,0,0,0,12,2,1,1
146,-1,14,0,0,3,0,1,0,0,0,0,0,0,12,2,2,0
194,-1,1,0,0,9,1,0,0,9,1,9,9,0,2,1,0,0
251,-1,0,1,2,1,4,0,0,1,0,1,1,0,0,0,0,0
260,-1,17,26,26,28,67,100,1,64,151,63,0,0,268,0,0,0
308,-1,41,3,22,7,10,0,0,0,1,0,0,0,6,0,0,0
346,-1,2,0,0,2,2,0,0,3,2,3,1,0,7,2,0,0
662,-1,9,0,0,13,4,0,0,7,0,7,7,0,5,0,0,0
696,-1,4,0,0,2,1,0,3,0,5,-3,0,0,1,0,0,0
1349,-1,3,1,5,13,9,0,4,2,4,-2,0,0,13,0,0,0
1371,-1,45,3,26,8,12,0,3,0,2,-3,0,0,4,0,0,0
1448,-1,7,0,3,24,6,0,0,13,8,13,1,0,0,0,0,0
1463,-1,4,0,5,26,6,0,0,14,5,14,2,0,1,0,0,0
1495,-1,1,0,0,4,0,0,0,2,0,2,2,0,1,0,0,0
1648,-1,9,3,5,14,6,0,0,8,0,8,8,0,5,0,0,0
1702,-1,1,1,0,2,0,0,0,1,7,1,0,0,19,2,0,0
1929,2,16,0,4,14,1,1,11,7,25,-4,0,0,16,0,1,0
1995,-1,1,0,0,2,2,0,0,3,3,3,1,0,11,1,0,0
2028,-1,1,0,0,2,3,0,0,3,3,3,1,0,2,0,0,0
2191,-1,2,0,0,0,1,0,0,0,0,0,0,0,5,0,0,0
2192,-1,1,0,6,1,1,0,1,2,0,1,2,0,1,0,0,0
2370,-1,1,0,1,0,1,0,0,0,0,0,0,0,1,0,0,0
2381,-1,1,0,1,2,1,0,0,1,3,1,0,0,0,0,0,0
2382,-1,2,0,1,3,5,0,0,7,1,7,7,0,1,0,0,0
2383,-1,7,1,13,0,2,0,2,0,1,-2,0,0,1,0,0,0
2389,-1,1,0,0,0,1,0,0,0,1,0,0,0,0,0,0,0
2391,-1,1,0,1,0,1,0,0,0,1,0,0,0,0,0,0,0
2394,-1,1,0,1,2,1,0,0,1,2,1,0,0,0,0,0,0
2397,-1,1,0,1,2,1,0,0,1,3,1,0,0,0,0,0,0
2430,-1,5,0,3,8,3,0,0,5,4,5,1,0,3,1,0,0
2433,-1,1,0,2,2,2,0,0,0,0,0,0,0,1,0,0,0
2434,-1,2,0,2,4,1,0,3,0,0,-3,0,0,1,0,0,0
2448,-1,2,0,0,0,2,0,0,0,0,0,0,0,1,0,0,0
2450,-1,1,0,1,0,2,0,0,0,0,0,0,0,1,0,0,0
2467,-1,6,0,1,3,1,0,0,2,3,2,0,0,5,3,1,0
2534,1,15,0,0,9,7,0,1,8,8,7,1,0,3,0,2,0
2543,1,12,0,0,8,10,0,0,7,7,7,1,0,2,2,1,0
2547,1,14,0,0,9,7,0,0,8,7,8,1,0,3,0,2,0
2584,-1,8,0,0,0,0,0,0,1,0,1,1,0,2,0,1,0
2587,-1,1,0,3,0,0,0,40,1,0,-39,1,0,2,1,0,0
2834,-1,3,0,0,0,2,0,0,1,1,1,1,0,5,1,0,0
2837,-1,1,1,0,0,3,0,0,2,3,2,0,0,10,1,0,0
2926,2,13,1,0,11,5,0,12,6,24,-6,0,0,16,0,1,0
2935,2,18,2,2,8,4,0,2,1,22,-1,0,0,20,0,1,0
2937,2,11,0,3,14,2,0,8,1,29,-7,0,0,16,0,1,0
2938,2,16,2,3,15,6,0,12,10,34,-2,0,0,16,0,1,0
2939,2,57,6,12,35,36,6,41,14,55,-27,0,0,24,0,1,0
2940,2,14,1,7,5,3,1,18,10,39,-8,0,0,16,0,1,0
3002,-1,5,0,0,7,0,0,0,7,8,7,0,0,28,2,0,0
3004,2,17,0,0,3,0,0,2,1,19,-1,0,0,13,1,2,0
3016,1,15,0,0,2,1,1,2,1,5,-1,0,0,13,1,2,0
3020,2,15,0,0,2,0,0,7,0,19,-7,0,0,13,1,2,0
3021,1,15,0,0,3,0,0,2,1,5,-1,0,0,13,1,2,0
3027,2,17,0,1,5,0,0,3,3,9,0,0,0,13,1,2,0
3029,2,16,0,0,4,0,0,2,1,21,-1,0,0,13,1,2,0
3040,2,21,0,0,6,0,0,4,5,7,1,0,0,13,1,2,0
3042,2,25,1,1,10,2,0,0,4,4,4,1,0,18,1,3,0
3137,-1,6,0,3,6,2,0,0,8,2,8,4,0,12,0,0,0
3176,-1,0,0,0,7,1,0,0,0,2,0,0,0,3,0,0,0
3233,-1,1,0,4,1,1,0,3,2,0,-1,2,0,3,0,0,1
3256,-1,2,0,2,2,1,0,0,3,3,3,1,0,5,0,0,1
3259,-1,6,0,7,2,9,1,0,3,2,3,1,0,25,0,0,1
3263,-1,6,0,6,4,10,1,0,4,23,4,0,0,12,0,0,1
3265,-1,0,10,0,11,16,0,0,0,0,0,0,0,2,0,0,0
3374,-1,4,0,3,0,1,0,0,0,2,0,0,0,1,0,0,1
3399,-1,4,2,34,3,22,1,0,6,2,6,3,0,7,0,0,1
3422,-1,6,0,13,2,11,1,1,3,3,2,1,0,5,0,0,1
3423,-1,6,0,11,3,6,1,0,2,0,2,2,0,7,0,0,1
3452,-1,5,0,1,2,0,1,0,0,0,0,0,0,8,0,0,1
3453,-1,5,1,1,2,0,1,0,1,0,1,1,0,8,0,0,1
3465,-1,6,0,1,2,0,1,0,0,0,0,0,0,8,0,0,1
3558,-1,7,0,2,10,2,2,0,5,8,5,0,0,13,1,0,0
3561,-1,14,12,14,23,3,12,0,11,15,11,0,0,14,0,0,0
3658,-1,5,2,2,3,1,1,0,0,1,0,0,0,10,0,0,1
3660,-1,8,1,4,2,7,3,0,0,3,0,0,0,16,0,0,1
3677,-1,5,0,2,2,0,1,1,0,0,-1,0,0,17,0,0,1
3709,-1,5,0,1,2,0,1,0,0,0,0,0,0,18,0,0,1
3712,-1,9,0,1,3,0,1,1,0,3,-1,0,0,10,0,0,1
3838,-1,0,0,3,1,0,0,1,2,1,1,2,0,1,0,0,1
3868,-1,0,0,2,3,0,0,3,4,1,1,4,0,0,0,0,1
3874,-1,1,0,3,1,0,0,1,2,0,1,2,0,0,0,0,1
3885,-1,0,0,1,2,0,6,2,3,0,1,3,0,0,0,0,1
3891,-1,0,0,2,1,0,0,2,2,0,0,2,0,0,0,0,1
3907,-1,2,0,2,1,2,7,4,4,0,0,4,0,0,0,0,1
3933,-1,6,0,4,1,1,0,2,2,8,0,0,0,4,0,0,1
3951,-1,0,10,0,11,16,0,0,0,0,0,0,0,2,0,0,0
3966,-1,6,0,4,1,2,0,0,2,4,2,0,0,1,0,0,1
3967,-1,3,0,3,1,0,0,0,2,3,2,0,0,1,0,0,1
3974,-1,10,0,6,1,0,0,0,3,3,3,1,0,1,0,1,1
4024,-1,5,0,4,1,0,0,0,3,1,3,3,0,6,0,1,1
4066,-1,0,0,1,2,0,0,0,4,0,4,4,0,0,0,0,1
4285,-1,1,0,2,1,0,0,0,1,0,1,1,0,3,0,0,1
4287,-1,1,0,2,1,2,0,0,1,0,1,1,0,4,0,0,1
4314,-1,1,0,1,1,0,0,0,1,0,1,1,0,3,0,0,1
4344,-1,0,11,0,11,15,1,0,0,0,0,0,0,3,1,0,0
4368,-1,0,0,2,5,1,0,0,15,1,15,15,0,3,2,0,0
4480,-1,2,0,2,1,3,0,0,1,2,1,0,0,12,0,0,0
4505,-1,0,0,7,11,2,1,0,0,2,0,0,0,4,0,0,0
4582,-1,2,5,0,26,8,0,0,25,2,25,12,0,3,3,0,0
4602,-1,2,0,0,2,3,0,0,3,2,3,1,0,6,2,0,0
4886,-1,7,1,1,6,4,0,12,8,25,-4,0,0,0,0,1,0
4944,-1,0,0,0,4,3,0,0,7,3,7,2,0,23,0,0,0
5279,-1,1,0,2,7,0,0,0,7,0,7,7,0,6,1,0,0
5471,-1,1,0,0,1,3,0,0,0,5,0,0,0,3,4,0,0
5844,-1,2,0,0,0,1,0,0,1,5,1,0,0,5,0,0,0
6810,-1,0,0,1,3,0,0,0,0,0,0,0,0,0,0,0,0
6826,-1,0,0,0,2,0,0,0,0,0,0,0,0,2,3,0,0
6959,-1,0,0,0,0,2,1,0,1,3,1,0,0,1,0,0,0
7164,-1,1,0,14,1,4,0,11,0,2,-11,0,0,5,0,0,0
7165,-1,0,0,5,1,2,1,1,0,0,-1,0,0,2,0,0,0
7317,-1,1,0,3,0,0,1,4,0,0,-4,0,0,0,0,0,0
7340,-1,1,1,2,1,3,3,0,0,1,0,0,0,2,0,0,0
7352,-1,1,2,3,9,13,9,19,2,11,-17,0,0,5,0,0,0
7643,-1,0,0,0,0,0,0,0,0,0,0,0,0,36,6,0,0
8124,-1,0,0,1,0,1,1,0,0,0,0,0,0,12,0,0,0
8370,-1,0,0,0,0,1,0,0,0,0,0,0,0,1,0,0,0
8953,-1,0,0,0,2,0,0,3,0,0,-3,0,0,4,0,0,0
9033,-1,0,0,0,1,0,0,0,0,1,0,0,0,96,0,0,0
9710,-1,0,0,0,1,2,0,0,0,0,0,0,0,6,0,0,0
9831,-1,0,0,0,1,0,0,0,0,0,0,0,0,6,0,0,0
9856,-1,2,0,0,2,1,0,0,1,0,1,1,0,4,0,0,0
9936,-1,0,0,0,2,4,0,0,2,0,2,2,0,6,0,0,0
10437,-1,5,0,1,4,26,0,0,1,2,1,0,0,6,0,0,0
10507,-1,3,0,0,4,26,0,0,2,0,2,2,0,9,0,0,0
10623,-1,0,0,0,5,4,0,0,7,0,7,7,0,6,0,0,0
10697,-1,9,0,1,0,1,0,0,0,3,0,0,0,7,0,1,0
10999,2,20,4,3,29,15,5,0,5,57,5,0,0,42,11,1,0
11003,-1,1,0,1,1,1,0,0,1,0,1,1,0,5,0,0,0
11044,-1,5,0,1,1,2,0,1,0,1,-1,0,0,9,1,1,0
11049,2,16,1,2,24,3,0,3,11,10,8,1,0,10,1,3,0
11051,2,21,1,8,24,2,0,4,10,10,6,1,0,10,1,2,0
11055,1,8,1,2,3,2,0,0,1,1,1,1,0,10,1,2,0
11058,-1,17,0,0,1,1,0,0,0,0,0,0,0,18,0,2,0
11059,2,20,1,2,17,2,0,6,7,7,1,1,0,18,1,3,0
11060,2,26,1,2,14,2,0,7,6,6,-1,1,0,18,1,3,0
11061,-1,20,0,0,1,1,0,0,0,0,0,0,0,18,0,3,0
11062,-1,28,1,1,18,3,0,0,8,8,8,1,0,18,1,3,0
11064,-1,20,0,0,1,1,0,0,0,0,0,0,0,18,0,3,0
11067,2,20,0,0,1,1,0,0,0,0,0,0,0,18,0,2,0
11072,-1,3,0,0,4,0,0,2,0,2,-2,0,0,11,0,0,0
11128,-1,1,0,0,1,0,0,0,0,0,0,0,0,22,1,0,0
11257,2,16,1,1,18,3,0,0,8,8,8,1,0,6,1,1,0
11264,2,8,1,2,17,2,0,6,7,7,1,1,0,6,1,1,0
11336,1,14,4,3,15,12,2,0,4,3,4,1,0,16,15,1,0
11340,1,15,4,3,15,12,2,0,4,2,4,2,0,16,15,1,0
11342,1,14,4,3,15,16,2,0,4,3,4,1,0,16,15,1,0
11394,-1,0,0,0,4,12,0,0,0,0,0,0,0,2,0,0,0
11404,-1,4,0,0,6,12,0,0,3,0,3,3,0,2,0,1,0
11558,-1,0,0,0,3,12,0,0,0,0,0,0,0,3,0,0,0
11569,-1,0,0,2,6,15,0,3,4,7,1,0,0,3,0,0,0
11719,-1,0,1,0,13,27,0,0,0,3,0,0,0,4,2,0,0
12120,-1,6,0,2,12,3,1,0,3,0,3,3,0,6,4,0,0
12189,2,10,7,7,6,1,0,0,4,8,4,0,0,1,2,1,0
12358,-1,8,4,2,13,11,2,5,3,5,-2,0,0,15,12,0,0
12592,-1,2,0,0,3,0,0,0,3,1,3,3,0,6,2,0,0
12748,-1,5,6,0,3,1,0,0,0,0,0,0,0,7,0,0,0
12761,-1,6,7,33,34,31,1,6,4,50,-2,0,0,26,0,0,0
12767,-1,6,7,33,34,31,1,6,4,50,-2,0,0,26,0,0,0
12790,-1,19,7,2,15,1,0,10,18,16,8,1,0,7,0,1,0
12793,-1,12,6,0,2,1,0,0,0,0,0,0,0,7,0,1,0
12811,-1,5,6,0,2,1,0,0,0,0,0,0,0,7,0,0,0
12883,-1,4,0,5,2,5,0,1,5,2,4,2,0,4,0,0,0
12946,-1,5,0,1,0,1,0,0,0,3,0,0,0,4,0,0,0
12954,-1,6,5,9,2,7,0,18,0,24,-18,0,0,1,1,1,0
12964,2,8,0,1,0,1,0,0,0,2,0,0,0,1,0,1,0
13006,-1,2,11,7,3,7,1,0,4,4,4,1,0,5,0,0,1
13010,2,2,7,13,6,7,3,0,4,12,4,0,0,5,0,0,1
13013,2,2,7,13,6,7,3,0,4,12,4,0,0,5,0,0,1
13018,2,3,7,11,6,7,1,0,8,10,8,0,0,7,0,0,1
13021,2,3,7,11,6,7,1,0,8,10,8,0,0,7,0,0,1
13025,-1,2,7,7,3,7,1,0,4,5,4,0,0,5,0,0,1
13028,-1,2,7,7,8,7,1,0,12,8,12,1,0,5,0,0,1
13029,-1,0,11,0,11,16,1,0,0,0,0,0,0,3,1,0,0
13033,-1,2,7,7,6,7,1,0,6,8,6,0,0,6,0,0,1
13035,-1,2,7,7,9,7,1,0,9,8,9,1,0,5,0,0,1
13040,-1,2,7,7,5,7,1,0,7,4,7,1,0,5,0,0,1
13046,-1,2,7,7,5,7,1,0,9,10,9,0,0,5,0,0,1
13054,-1,3,7,7,3,7,1,0,5,8,5,0,0,5,0,0,1
13057,1,3,7,7,3,10,1,0,5,8,5,0,0,5,0,0,1
13063,1,3,7,7,3,10,1,0,5,8,5,0,0,5,0,0,1
13151,-1,2,7,7,3,7,1,0,12,5,12,2,0,6,0,0,1
13248,-1,4,7,8,4,9,1,0,14,14,14,1,0,9,0,0,1
13253,-1,2,7,8,4,8,1,0,8,4,8,2,0,6,0,0,1
13304,-1,2,7,7,3,8,1,0,4,4,4,1,0,5,0,0,1
13308,1,4,7,11,11,8,2,0,7,10,7,0,0,5,0,0,1
13339,-1,2,7,7,3,13,1,0,9,4,9,2,0,9,0,0,1
13341,-1,2,7,7,3,13,1,0,5,15,5,0,0,5,0,0,1
13358,-1,2,7,7,3,10,1,0,5,10,5,0,0,5,0,0,1
13368,-1,2,7,7,3,7,1,0,4,5,4,0,0,5,0,0,1
13386,-1,2,8,7,3,7,1,0,4,12,4,0,0,6,0,0,1
13407,-1,2,7,7,3,16,1,0,8,28,8,0,0,8,0,0,1
13413,-1,2,7,7,3,10,1,0,5,11,5,0,0,5,0,0,1
13416,1,2,7,7,6,7,1,0,6,5,6,1,0,5,0,0,1
13436,-1,2,7,7,3,7,1,0,4,4,4,1,0,5,0,0,1
13455,-1,0,0,0,5,2,0,0,27,2,27,13,0,13,0,0,0
13514,-1,3,7,7,3,7,1,0,6,4,6,1,0,6,0,0,1
13533,-1,2,7,7,6,7,1,0,10,4,10,2,0,6,0,0,1
13543,-1,2,7,7,3,8,1,0,4,8,4,0,0,5,0,0,1
13546,1,6,9,8,3,5,0,1,1,2,0,0,0,10,0,2,0
13557,-1,2,7,7,3,8,1,0,5,8,5,0,0,5,0,0,1
13561,-1,2,7,7,3,7,1,0,4,5,4,0,0,5,0,0,1
13575,-1,2,7,7,3,9,1,0,4,8,4,0,0,5,0,0,1
13583,-1,2,7,7,3,15,1,0,5,11,5,0,0,5,0,0,1
13587,-1,2,7,7,3,7,1,0,7,7,7,1,0,5,0,0,1
13599,-1,0,0,0,4,0,0,0,22,0,22,22,0,2,0,0,1
13612,-1,2,2,5,19,14,1,3,73,45,70,1,0,56,0,0,2
13613,-1,0,0,0,5,0,0,0,5,6,5,0,0,15,0,0,1
13615,-1,2,14,7,3,7,1,0,8,5,8,1,0,5,0,0,1
13617,1,2,7,8,5,7,1,0,4,5,4,0,0,5,0,0,1
13624,-1,2,8,7,3,7,1,0,4,4,4,1,0,10,0,0,1
13631,-1,2,8,7,3,7,1,0,4,4,4,1,0,10,0,0,1
13679,-1,2,7,7,3,9,1,0,5,8,5,0,0,9,0,0,1
13684,-1,2,7,7,3,9,1,0,5,8,5,0,0,9,0,0,1
13694,-1,2,7,7,3,9,1,0,5,8,5,0,0,9,0,0,1
13695,-1,2,7,7,3,21,1,0,10,6,10,1,0,20,0,0,1
13702,-1,2,7,7,3,9,1,0,5,8,5,0,0,9,0,0,1
13739,-1,2,7,11,19,11,1,0,26,20,26,1,0,13,0,0,1
13752,-1,0,2,0,0,4,0,0,1,0,1,1,0,1,0,0,0
13773,-1,2,7,9,19,22,1,0,31,33,31,0,0,19,0,0,1
14012,-1,2,7,7,3,7,1,0,11,7,11,1,0,5,0,0,1
14014,-1,2,7,7,3,11,1,0,4,7,4,0,0,5,0,0,1
14021,-1,2,7,7,7,7,1,0,11,8,11,1,0,5,0,0,1
14044,-1,2,7,7,3,7,1,0,12,4,12,3,0,5,0,0,1
14059,-1,0,0,0,5,6,0,0,1,1,1,1,0,12,0,0,0
14068,-1,2,7,7,5,7,1,0,9,11,9,0,0,7,0,0,1
14071,-1,2,8,11,7,8,1,0,6,12,6,0,0,4,0,0,1
14081,-1,7,9,9,20,11,2,0,16,28,16,0,0,14,0,0,1
14083,1,3,8,16,18,12,2,0,19,36,19,0,0,22,0,0,1
14086,1,2,7,13,25,16,4,0,20,31,20,0,0,19,0,0,1
14089,-1,2,7,10,7,11,1,0,13,5,13,2,0,7,0,0,1
14100,-1,2,7,11,21,13,1,0,34,32,34,1,0,16,0,0,1
14107,-1,6,0,1,1,1,0,0,2,0,2,2,0,1,0,0,0
14120,1,2,7,8,5,7,2,0,4,4,4,1,0,5,0,0,1
14124,-1,2,7,7,3,7,1,0,6,6,6,1,0,4,0,0,1
14136,-1,7,15,38,13,36,3,51,136,30,85,4,0,105,0,0,1
14168,-1,2,7,9,4,8,1,0,9,5,9,1,0,5,0,0,1
14184,-1,2,7,7,4,7,1,0,4,4,4,1,0,5,0,0,1
14196,1,2,7,7,6,7,1,0,6,5,6,1,0,5,0,0,1
14198,-1,2,7,7,3,8,1,0,4,5,4,0,0,5,0,0,1
14200,-1,2,7,7,3,7,1,0,6,6,6,1,0,4,0,0,1
14206,1,3,7,8,5,13,1,0,7,20,7,0,0,8,0,0,1
14210,1,2,7,8,5,9,1,0,4,5,4,0,0,5,0,0,1
14214,1,2,7,8,5,7,1,0,4,5,4,0,0,5,0,0,1
14215,1,2,7,8,5,9,1,0,4,5,4,0,0,5,0,0,1
14218,1,2,7,8,5,7,1,0,4,5,4,0,0,5,0,0,1
14221,-1,2,7,7,3,7,1,0,5,5,5,1,0,5,0,0,1
14245,1,2,7,8,5,7,1,0,5,5,5,1,0,5,0,0,1
14246,-1,2,7,7,3,7,1,0,5,5,5,1,0,5,0,0,1
14247,-1,2,7,7,3,7,1,0,4,4,4,1,0,5,0,0,1
14249,-1,2,7,7,3,7,1,0,4,4,4,1,0,5,0,0,1
14252,-1,2,7,7,3,10,1,0,4,4,4,1,0,5,0,0,1
14253,1,2,7,8,5,7,1,0,5,5,5,1,0,5,0,0,1
14277,-1,6,7,7,3,7,1,0,4,15,4,0,0,5,0,0,1
14295,-1,2,7,7,7,11,1,0,7,7,7,1,0,5,0,0,1
14299,-1,2,7,7,9,7,1,0,13,4,13,3,0,6,0,0,1
14302,-1,3,8,7,6,7,1,0,4,4,4,1,0,5,0,0,1
14311,-1,2,7,9,12,8,1,0,16,6,16,2,0,5,0,0,1
14385,-1,2,7,15,12,8,2,0,7,8,7,0,0,5,0,0,1
14396,1,5,7,9,5,7,1,0,5,9,5,0,0,5,0,1,1
14399,1,5,7,9,5,7,1,0,5,9,5,0,0,5,0,1,1
14404,-1,2,8,7,3,7,1,0,4,4,4,1,0,5,0,0,1
14418,-1,2,7,10,7,8,2,0,4,9,4,0,0,4,0,0,1
14435,-1,2,7,7,3,7,1,0,4,4,4,1,0,5,0,0,1
14437,1,4,7,11,11,8,2,0,7,10,7,0,0,5,0,0,1
14446,-1,2,7,7,4,7,1,0,5,6,5,0,0,5,0,0,1
14452,-1,2,7,7,4,7,1,0,5,7,5,0,0,5,0,0,1
14479,-1,2,7,14,11,8,4,0,8,13,8,0,0,5,0,0,1
14518,-1,0,0,0,1,1,0,1,0,4,-1,0,0,1,0,0,0
14526,-1,2,7,7,3,7,1,0,6,4,6,1,0,5,0,0,1
14535,2,4,10,59,70,19,13,0,25,61,25,0,0,11,0,0,1
14556,-1,2,7,7,3,7,1,0,4,5,4,0,0,5,0,0,1
14568,-1,2,7,7,3,8,1,0,5,7,5,0,0,5,0,0,1
14573,-1,2,8,19,17,17,2,0,20,42,20,0,0,14,0,0,1
14576,2,2,7,33,42,11,8,0,12,44,12,0,0,15,0,0,1
14577,2,2,7,33,42,11,8,0,12,41,12,0,0,14,0,0,1
14580,2,4,8,25,29,11,4,0,19,43,19,0,0,19,0,0,1
14581,2,4,9,23,29,10,4,0,22,49,22,0,0,17,0,0,1
14588,2,4,9,15,25,20,8,0,27,44,27,0,0,18,0,0,1
14687,-1,1,1,2,1,7,0,0,1,0,1,1,0,0,0,0,0
15298,-1,2,0,0,9,2,0,0,32,0,32,32,0,3,0,0,0
15384,-1,1,0,0,0,0,0,0,0,0,0,0,0,22,0,0,0
15529,-1,0,1,2,2,8,2,0,2,1,2,2,0,7,3,0,0
15589,-1,1,64,1,24,20,0,1,109,3,108,36,0,19,2,0,0
15840,2,114,0,3,33,5,1,25,43,20,18,2,0,17,0,2,0
15843,2,62,0,2,24,6,0,23,36,17,13,2,0,13,0,1,0
17931,-1,5,1,1,5,1,0,0,0,0,0,0,0,1,0,0,0
18037,-1,7,1,1,6,2,0,0,1,1,1,1,0,1,0,0,0
18550,-1,3,0,1,2,2,0,0,0,0,0,0,0,4,0,0,0
18573,2,13,0,3,2,0,0,4,0,3,-4,0,0,4,0,1,0
18590,-1,1,0,7,1,4,0,0,0,7,0,0,0,16,0,0,1
18610,1,4,0,2,1,0,2,8,0,2,-8,0,0,4,0,1,0
18611,1,6,0,3,1,0,2,7,0,1,-7,0,0,4,0,1,0
18973,2,30,1,4,0,3,0,2,1,26,-1,0,1,1,2,1,0
19009,-1,1,0,0,0,2,0,0,4,1,4,4,0,1,0,0,0
19085,1,6,0,0,2,1,0,1,1,0,0,1,0,4,1,1,0
19087,1,6,0,0,1,2,0,2,0,1,-2,0,0,4,0,1,0
19101,1,4,0,0,2,1,0,0,1,1,1,1,0,4,1,1,0
19135,2,47,1,4,0,3,1,2,1,46,-1,0,1,1,1,1,0
19142,-1,4,0,0,0,1,0,0,1,10,1,0,0,1,3,1,0
19442,-1,1,0,0,0,2,0,0,4,1,4,4,0,1,0,0,0
19447,-1,1,0,0,0,2,0,0,4,1,4,4,0,1,0,0,0
19744,-1,1,1,0,0,3,0,0,3,7,3,0,0,1,1,0,0
20019,-1,2,0,0,0,1,0,2,0,0,-2,0,0,5,0,0,0
20040,-1,2,0,0,0,0,0,2,0,0,-2,0,0,5,0,0,0
20389,-1,0,0,5,0,1,0,0,0,0,0,0,0,10,4,0,0
21139,-1,4,0,0,3,4,0,0,0,1,0,0,0,16,1,0,0
21317,-1,2,0,0,6,0,0,0,0,0,0,0,0,8,2,0,0
21396,-1,2,0,0,2,1,0,0,0,0,0,0,0,9,1,0,0
21416,-1,0,1,5,5,1,1,0,3,0,3,3,0,4,0,0,0
21440,-1,0,0,1,0,2,0,0,0,0,0,0,0,2,0,0,0
21446,-1,3,0,8,2,1,0,2,0,1,-2,0,0,9,1,0,0
21565,-1,1,0,0,0,1,0,0,0,0,0,0,0,7,1,0,0
21645,-1,1,0,1,0,1,0,16,0,0,-16,0,0,6,0,0,0
21675,2,3,1,3,2,2,0,13,1,13,-12,0,0,5,1,1,0
21819,-1,1,0,0,2,1,0,0,0,0,0,0,0,6,0,0,0
21872,-1,1,0,1,3,2,1,0,1,0,1,1,0,6,0,0,0
21896,-1,1,0,0,1,0,0,0,1,0,1,1,0,1,0,0,0
21918,2,8,0,0,0,1,0,0,0,0,0,0,0,5,0,1,0
21921,2,8,0,0,0,1,0,0,0,0,0,0,0,5,0,1,0
21926,2,7,0,0,2,2,0,0,1,0,1,1,0,5,0,1,0
21974,-1,0,2,0,0,1,0,0,0,1,0,0,0,2,1,0,0
22112,-1,15,2,0,4,2,0,0,2,3,2,0,0,10,1,1,0
22166,-1,0,0,1,1,2,0,0,1,0,1,1,0,2,0,0,0
22194,-1,0,0,0,0,1,0,0,0,0,0,0,0,1,0,0,0
22497,-1,0,0,1,1,0,0,0,0,1,0,0,0,1,0,0,1
22593,-1,1,0,3,0,1,0,0,0,1,0,0,0,0,0,0,1
22606,-1,1,0,3,1,2,0,0,0,1,0,0,0,1,0,0,1
22794,-1,2,0,4,4,4,0,0,4,1,4,4,0,1,0,0,1
22800,-1,2,0,3,5,3,0,0,2,1,2,2,0,1,0,0,1
23008,-1,6,0,1,0,0,0,0,0,1,0,0,0,1,0,0,1
23010,-1,6,0,1,1,0,0,0,0,1,0,0,0,1,0,0,1
23018,1,11,0,1,8,0,1,0,6,1,6,6,0,15,2,2,0
23033,-1,0,11,0,12,16,2,0,1,2,1,0,0,3,1,0,0
23048,-1,7,0,1,1,0,0,0,0,1,0,0,0,1,0,0,1
23073,-1,11,0,2,4,0,0,0,6,16,6,0,0,1,0,0,1
23257,-1,2,0,2,2,3,1,2,4,28,2,0,0,8,0,0,1
23412,-1,0,0,2,1,0,0,0,0,1,0,0,0,2,0,0,1
23442,-1,0,0,1,1,0,0,0,0,4,0,0,0,2,0,0,1
23461,-1,0,1,4,1,3,0,0,0,3,0,0,0,2,0,0,1
23466,-1,0,11,1,14,17,2,0,1,3,1,0,0,4,2,0,0
23624,-1,2,11,0,11,15,0,0,2,1,2,2,0,3,1,0,0
23636,-1,0,11,0,11,16,3,0,0,0,0,0,0,3,1,0,0
23642,-1,0,11,0,11,15,5,0,0,1,0,0,0,3,1,0,0
23669,-1,1,11,1,13,15,0,1,0,1,-1,0,0,3,1,0,0
23690,-1,3,11,0,11,15,0,0,1,1,1,1,0,3,1,0,0
23711,-1,0,0,1,1,0,0,0,0,4,0,0,0,2,0,0,1
23807,-1,5,1,9,5,4,1,2,1,47,-1,0,0,2,0,0,1
23822,-1,1,0,2,1,0,0,0,0,4,0,0,0,4,0,0,1
23847,-1,0,11,2,11,15,0,0,0,1,0,0,0,4,1,0,0
23864,-1,0,11,1,11,15,2,0,6,1,6,6,0,4,1,0,0
23881,-1,0,10,0,11,16,0,0,0,0,0,0,0,2,0,0,0
23893,-1,3,0,3,13,5,2,3,2,33,-1,0,0,7,0,0,1
23903,-1,2,0,3,3,1,2,2,2,29,0,0,0,7,0,0,1
23959,-1,2,0,2,3,1,1,2,2,28,0,0,0,7,0,0,1
23962,-1,2,0,2,3,1,1,2,2,28,0,0,0,7,0,0,1
23966,-1,2,0,3,5,4,1,2,2,29,0,0,0,7,0,0,1
24006,-1,2,1,2,6,3,2,2,2,28,0,0,0,7,0,0,1
24105,1,7,0,4,3,1,1,2,2,28,0,0,0,7,0,1,1
24107,-1,2,0,2,4,1,1,2,2,31,0,0,0,8,0,0,1
24132,-1,2,0,2,3,1,1,2,2,28,0,0,0,11,0,0,1
24143,-1,2,0,2,4,1,1,2,2,29,0,0,0,7,0,0,1
24146,-1,2,1,3,2,1,1,0,1,0,1,1,0,0,1,0,1
24148,-1,1,1,4,0,0,0,0,0,1,0,0,0,1,1,0,1
24171,-1,2,0,2,3,1,1,2,2,29,0,0,0,7,0,0,1
24179,-1,2,0,2,3,1,1,2,2,28,0,0,0,8,0,0,1
24214,-1,2,4,5,9,1,1,2,2,28,0,0,0,8,0,0,1
24260,-1,2,0,2,4,1,1,2,2,32,0,0,0,7,0,0,1
24262,-1,2,0,3,3,4,9,2,2,28,0,0,0,7,0,0,1
24264,-1,2,0,2,3,1,1,2,2,31,0,0,0,7,0,0,1
24266,-1,2,0,2,3,15,1,2,2,28,0,0,0,7,0,0,1
24354,-1,3,1,7,3,2,0,0,1,3,1,0,0,1,0,0,1
24362,-1,0,0,10,0,3,1,1,0,1,-1,0,0,6,0,0,1
24384,-1,0,0,6,0,1,0,0,0,0,0,0,0,1,0,0,1
24391,-1,0,2,3,9,2,3,0,11,0,11,11,0,4,3,0,0
24541,-1,1,0,0,1,3,0,0,0,2,0,0,0,11,0,0,1
24924,-1,0,0,0,0,1,0,0,1,0,1,1,0,1,0,0,0
25048,-1,0,0,0,2,1,0,0,4,0,4,4,0,0,0,0,0
25405,-1,0,0,0,0,0,0,0,0,0,0,0,0,0,0,0,0
25728,-1,3,0,0,2,0,0,0,2,1,2,2,0,39,8,0,0
25772,-1,4,0,1,7,5,0,1,1,0,0,1,0,9,1,1,0
26166,-1,4,0,0,0,1,0,0,0,0,0,0,0,6,0,0,0
26218,-1,1,0,5,9,1,1,2,0,0,-2,0,0,12,0,0,1
26240,-1,2,4,4,0,2,0,0,0,2,0,0,0,3,0,0,0
26289,-1,1,3,1,0,0,0,0,0,0,0,0,0,2,0,0,0
26303,-1,1,3,2,2,1,0,0,0,3,0,0,0,1,0,0,0
26397,-1,2,4,4,5,4,1,5,4,2,-1,2,0,0,0,0,0
26573,-1,0,3,2,18,0,0,0,0,0,0,0,0,4,0,0,1
26589,-1,0,3,3,4,0,0,0,0,1,0,0,0,5,0,0,1
26635,-1,0,0,2,0,0,0,0,0,1,0,0,0,0,0,0,1
26640,-1,0,0,4,0,1,0,0,0,1,0,0,0,0,0,0,1
26680,-1,6,3,10,19,9,0,8,4,19,-4,0,0,16,0,0,1
26758,-1,2,5,27,17,22,1,2,22,15,20,1,0,13,0,0,1
26759,-1,12,3,17,15,12,2,3,5,15,2,0,0,15,0,0,1
27307,-1,0,2,0,0,1,1,0,0,0,0,0,0,2,1,0,0
29123,-1,0,2,0,0,1,1,0,3,0,3,3,0,2,1,0,0
29649,-1,0,2,0,0,1,1,0,1,0,1,1,0,2,1,0,0
29765,-1,0,2,0,0,1,1,0,1,0,1,1,0,2,1,0,0
30117,-1,0,1,0,0,1,1,0,0,0,0,0,0,2,1,0,0
30738,-1,1,0,5,3,6,1,0,0,0,0,0,0,3,1,0,1
30938,-1,0,0,0,7,0,0,0,0,0,0,0,0,6,0,0,1
30961,-1,1,0,0,2,0,0,1,0,0,-1,0,0,3,0,0,1
30986,-1,0,0,1,2,0,0,0,0,0,0,0,0,3,0,0,1
31031,-1,0,0,4,10,0,1,0,0,0,0,0,0,8,0,0,1
31058,-1,0,3,2,2,0,0,0,0,0,0,0,0,2,0,0,1
31085,-1,3,1,12,7,14,2,0,4,1,4,4,0,7,0,0,0
31187,-1,1,3,3,0,0,0,0,0,0,0,0,0,3,0,0,0
31188,-1,1,3,2,0,0,0,0,0,0,0,0,0,2,0,0,0
31190,-1,2,0,0,1,1,0,4,0,1,-4,0,0,6,0,0,0
31199,-1,1,3,3,0,0,0,0,0,0,0,0,0,3,0,0,0
31211,-1,4,4,1,1,1,0,0,2,7,2,0,0,2,0,0,0
31225,-1,8,0,2,1,2,0,1,0,7,-1,0,0,1,0,0,0
31243,-1,6,4,1,1,0,0,0,1,5,1,0,0,1,0,0,0
31265,-1,7,3,1,0,0,0,3,1,6,-2,0,0,1,0,0,0
31269,-1,11,9,57,32,36,1,7,14,31,7,0,0,42,0,0,0
31272,-1,16,8,32,42,44,2,4,11,50,7,0,0,29,0,0,0
31301,-1,6,3,2,1,0,0,3,0,6,-3,0,0,1,0,0,0
31305,-1,1,4,4,4,6,0,0,0,5,0,0,0,2,0,0,0
31306,-1,8,3,2,1,3,0,4,0,6,-4,0,0,1,0,0,0
31318,-1,0,2,2,2,16,0,0,0,3,0,0,0,1,0,0,1
31331,2,15,4,5,2,2,0,1,0,6,-1,0,0,1,0,2,0
31333,2,9,3,1,1,3,0,0,1,31,1,0,0,1,0,2,0
31433,-1,28,1,8,8,1,1,6,9,10,3,0,0,1,1,0,1
31470,-1,0,0,1,0,0,0,0,0,1,0,0,0,0,0,0,1
31603,-1,9,0,1,0,0,0,0,0,2,0,0,0,0,0,1,1
31637,-1,0,0,1,0,1,0,0,0,2,0,0,0,0,0,0,1
31826,-1,0,0,0,0,1,0,0,0,0,0,0,0,0,0,0,0
32052,-1,0,0,0,0,0,0,0,0,0,0,0,0,7,0,1,0
32156,-1,0,0,2,7,1,1,0,0,0,0,0,0,1,0,0,0
32158,-1,2,0,0,2,2,0,0,0,1,0,0,0,1,0,0,0
32159,-1,0,3,0,3,1,0,0,0,0,0,0,0,6,1,0,0
32169,-1,0,0,2,7,1,1,0,0,0,0,0,0,0,0,0,0
32172,-1,3,2,2,3,2,0,2,1,0,-1,1,0,1,0,0,0
32177,-1,2,0,0,2,2,0,0,0,1,0,0,0,0,0,0,0
32180,-1,3,2,2,3,2,0,2,1,0,-1,1,0,0,0,0,0
32222,-1,1,0,1,2,1,0,3,0,0,-3,0,0,1,0,0,0
32260,-1,0,0,14,7,17,0,1,0,1,-1,0,0,1,1,0,0
32295,-1,0,0,2,1,0,0,0,0,0,0,0,0,1,0,0,1
32303,-1,0,0,0,2,1,0,0,0,0,0,0,0,1,0,0,0
32313,-1,0,0,0,2,1,0,0,0,0,0,0,0,1,0,0,0
32319,-1,0,0,0,2,1,0,0,0,0,0,0,0,1,0,0,0
32321,-1,0,0,0,2,1,0,0,0,0,0,0,0,2,0,0,0
32323,-1,0,0,1,2,2,0,0,0,0,0,0,0,2,0,0,0
32328,-1,0,3,0,3,1,0,0,0,0,0,0,0,6,1,0,0
32332,-1,0,0,0,1,0,0,0,0,4,0,0,0,0,0,0,0
32334,-1,0,0,0,2,1,0,0,0,0,0,0,0,1,0,0,0
32337,-1,2,0,0,2,1,0,0,1,0,1,1,0,2,0,0,0
32338,-1,0,0,0,2,1,0,0,0,0,0,0,0,0,0,0,0
32339,-1,0,0,0,2,1,0,0,0,0,0,0,0,2,0,0,0
32340,-1,0,0,0,4,1,0,0,0,2,0,0,0,2,0,0,0
32341,-1,0,0,0,2,1,0,0,0,0,0,0,0,0,0,0,0
32342,-1,0,0,1,2,2,0,0,0,0,0,0,0,1,0,0,0
32344,-1,0,6,0,2,2,2,0,0,1,0,0,0,2,0,0,0
32345,-1,0,1,0,2,1,0,0,0,0,0,0,0,1,0,0,0
32348,-1,0,0,0,2,1,0,0,0,0,0,0,0,1,0,0,0
32350,-1,0,0,0,2,1,0,0,0,0,0,0,0,1,0,0,0
32351,-1,0,0,0,2,2,0,0,0,0,0,0,0,1,0,0,0
32352,-1,0,0,0,3,1,0,0,0,0,0,0,0,2,0,0,0
32353,-1,0,2,2,3,2,0,1,9,2,8,4,0,2,0,0,0
32355,-1,0,3,0,3,1,0,0,0,0,0,0,0,6,1,0,0
32358,-1,4,4,2,12,0,0,0,11,0,11,11,0,0,13,0,0
32359,-1,0,6,0,2,2,2,0,0,1,0,0,0,1,0,0,0
32361,-1,0,0,0,2,1,0,0,0,0,0,0,0,1,0,0,0
32363,-1,0,3,0,3,1,0,0,0,0,0,0,0,5,1,0,0
32364,-1,2,0,0,2,1,0,0,1,0,1,1,0,1,0,0,0
32365,-1,0,0,0,2,1,0,0,0,0,0,0,0,1,0,0,0
32366,-1,0,0,0,3,1,0,0,0,0,0,0,0,1,0,0,0
32368,-1,0,0,0,4,1,0,0,0,2,0,0,0,1,0,0,0
32373,-1,0,3,0,3,1,0,0,0,0,0,0,0,5,1,0,0
32377,-1,0,2,2,3,2,0,1,9,2,8,4,0,1,0,0,0
32430,-1,0,0,1,3,1,1,0,0,0,0,0,0,1,0,0,0
32434,-1,0,0,1,3,1,1,0,0,0,0,0,0,1,0,0,0
32436,-1,0,0,1,3,1,1,0,0,0,0,0,0,1,0,0,0
32465,-1,0,0,0,2,1,0,0,0,0,0,0,0,1,0,0,0
32471,-1,0,1,0,2,1,4,12,0,2,-12,0,0,1,0,0,0
32473,-1,0,2,0,2,1,6,11,0,2,-11,0,0,0,0,0,0
32486,-1,0,1,0,2,1,12,8,1,1,-7,1,0,1,0,0,0
32518,-1,0,8,1,2,9,2,2,0,2,-2,0,0,0,0,0,0
32524,-1,0,1,0,2,1,6,10,0,2,-10,0,0,1,0,0,0
32532,-1,0,8,1,1,9,2,0,0,1,0,0,0,1,0,0,0
32566,-1,0,8,2,1,9,2,7,0,1,-7,0,0,2,0,0,0
32571,-1,0,8,1,2,9,2,0,0,1,0,0,0,1,0,0,0
32577,-1,1,8,2,2,9,3,4,0,2,-4,0,0,1,0,0,0
32698,-1,0,0,1,3,3,1,0,0,2,0,0,0,1,0,0,0
32703,-1,0,0,1,3,2,1,0,0,1,0,0,0,2,0,0,0
32712,-1,0,0,0,2,1,0,0,0,0,0,0,0,1,0,0,0
32779,-1,0,0,1,3,1,2,0,0,4,0,0,0,1,0,0,0
32784,-1,0,0,0,2,1,0,0,0,0,0,0,0,1,0,0,0
32785,-1,0,0,1,3,1,1,1,0,0,-1,0,0,1,0,0,0
32832,-1,0,0,2,3,1,1,0,0,2,0,0,0,0,0,0,0
32838,-1,0,3,1,3,1,10,0,0,3,0,0,0,1,0,0,0
32881,-1,0,1,0,2,1,4,0,0,0,0,0,0,1,0,0,0
32888,-1,0,0,0,2,1,0,9,0,6,-9,0,0,1,0,0,0
32907,-1,0,1,0,2,2,2,2,0,2,-2,0,0,1,0,0,0
32920,-1,0,1,0,2,3,4,2,0,1,-2,0,0,1,0,0,0
32941,-1,0,4,0,2,1,3,1,0,1,-1,0,0,1,0,0,0
33066,-1,0,0,0,1,0,0,1,0,0,-1,0,0,5,0,0,0
33079,2,16,1,1,3,1,0,0,3,0,3,3,1,3,1,1,0
33089,-1,0,0,0,1,0,0,1,0,0,-1,0,0,3,0,0,0
33098,2,81,1,1,61,0,1,15,76,0,61,76,6,3,1,1,0
33099,2,117,1,1,60,0,3,12,102,1,90,102,17,3,1,1,0
33100,2,106,1,1,30,1,1,8,89,0,81,89,11,3,1,1,0
33101,2,52,1,1,19,0,0,9,40,0,31,40,7,3,1,1,0
33102,2,111,1,1,68,0,0,13,91,0,78,91,17,3,1,1,0
33103,2,146,1,1,53,2,2,12,106,0,94,106,6,3,1,1,0
33104,2,97,1,1,50,0,1,3,94,0,91,94,6,3,1,1,0
33105,2,42,1,1,14,0,0,2,24,0,22,24,0,3,1,1,0
33106,2,25,1,1,4,1,0,2,10,0,8,10,1,3,1,1,0
33107,2,16,1,1,3,0,0,0,2,0,2,2,0,3,1,1,0
33109,2,16,1,1,3,0,0,0,2,0,2,2,0,3,1,1,0
33110,2,30,1,1,10,0,2,0,16,0,16,16,0,3,1,1,0
33112,2,37,1,1,15,1,0,0,22,0,22,22,1,3,1,1,0
33115,2,25,1,1,7,0,0,0,8,0,8,8,1,3,1,1,0
33143,2,17,1,1,12,1,0,0,10,1,10,10,7,3,1,1,0
33207,-1,1,8,7,2,13,2,1,2,1,1,2,0,0,0,0,0
33650,-1,0,0,1,0,0,1,0,0,0,0,0,0,7,0,0,0
33971,1,7,0,2,1,0,0,0,0,4,0,0,0,1,0,1,1
34643,-1,0,0,0,0,0,0,0,0,0,0,0,0,7,20,0,0
34855,-1,0,0,1,0,0,0,0,0,0,0,0,0,0,1,0,1
34931,-1,0,0,1,0,0,0,0,0,0,0,0,0,0,0,0,1
34980,-1,5,0,2,2,0,0,0,0,0,0,0,0,2,0,0,1
34982,-1,4,0,5,0,1,0,4,0,0,-4,0,0,2,0,0,1
35061,-1,0,0,1,0,0,0,0,0,0,0,0,0,0,0,0,1
35068,-1,0,0,6,5,3,0,0,7,0,7,7,0,1,0,0,1
35070,-1,6,2,15,11,6,0,9,7,18,-2,0,0,15,0,0,1
35174,-1,0,0,3,0,0,0,0,0,1,0,0,0,1,0,0,1
35199,-1,0,0,1,0,2,0,0,0,2,0,0,0,0,0,0,1
35254,-1,0,6,7,1,1,0,0,0,6,0,0,0,1,1,0,1
35456,2,17,0,0,26,0,0,0,40,23,40,1,1,4,1,1,0
35467,-1,17,3,4,28,0,0,8,40,8,32,5,0,8,1,1,0
35472,-1,16,0,1,25,0,0,1,40,5,39,8,0,4,1,1,0
35720,-1,1,0,0,0,1,0,0,0,0,0,0,0,8,0,0,0
35727,2,39,4,5,17,1,2,65,31,24,-34,1,2,58,0,1,0
35834,-1,13,0,1,0,0,0,0,0,0,0,0,0,3,3,1,0
35836,-1,2,0,0,0,0,0,0,0,0,0,0,0,0,1,1,0
35847,-1,13,0,2,0,0,0,13,0,0,-13,0,0,3,3,1,0
35850,-1,12,0,1,0,0,0,0,0,0,0,0,0,3,3,1,0
35877,-1,0,0,0,0,0,0,0,0,0,0,0,0,6,1,0,0
35975,-1,9,0,1,21,6,0,3,20,8,17,2,0,6,0,0,0
36481,-1,0,0,0,0,0,1,0,0,2,0,0,0,4,4,0,0
36774,1,20,2,2,11,11,0,2,13,2,11,6,2,8,0,1,0
36790,1,19,2,2,11,12,1,0,13,2,13,6,0,7,0,1,0
37343,-1,16,2,2,19,12,0,0,23,1,23,23,0,12,0,2,0
37382,2,19,2,2,11,11,0,0,13,1,13,13,1,8,0,1,0
37696,-1,13,2,2,10,11,0,0,13,7,13,1,0,13,0,0,0
37714,1,24,2,2,11,13,1,0,13,6,13,2,0,7,0,1,0
37719,1,21,2,2,11,12,0,1,13,5,12,2,1,7,0,1,0
37933,2,28,2,1,1,3,0,0,0,6,0,0,0,16,1,0,0
37992,1,17,2,2,18,11,1,1,16,3,15,5,0,7,0,1,0
38031,2,21,2,6,10,11,0,2,13,2,11,6,0,7,0,1,0
38182,-1,10,2,2,10,11,0,0,13,0,13,13,2,8,0,0,0
38391,2,36,2,2,16,23,9,0,13,9,13,1,1,7,0,1,0
38857,2,22,2,2,11,21,10,0,13,10,13,1,0,7,0,1,0
38860,2,22,2,2,12,21,10,2,13,10,11,1,0,7,0,1,0
38861,2,23,2,4,13,21,2,0,15,2,15,7,0,7,0,1,0
38863,2,39,2,2,13,23,11,0,13,10,13,1,0,7,0,1,0
38864,2,21,2,2,25,21,10,1,27,11,26,2,2,7,0,1,0
39258,2,31,2,2,11,24,6,0,13,6,13,2,0,7,0,1,0
39259,2,39,3,2,18,23,10,0,13,10,13,1,0,7,0,1,0
39260,2,41,2,2,14,29,10,0,13,11,13,1,0,7,0,1,0
39261,2,39,2,2,11,28,11,0,13,10,13,1,0,7,0,1,0
39262,2,35,2,2,13,25,11,0,13,10,13,1,1,7,0,1,0
39263,2,40,2,2,11,22,11,0,13,10,13,1,0,7,0,1,0
39264,2,43,2,3,12,24,11,0,13,10,13,1,0,7,0,1,0
39265,2,37,2,2,14,24,10,0,13,11,13,1,0,7,0,1,0
39266,2,41,2,2,11,21,10,0,13,10,13,1,0,7,0,1,0
39407,2,41,2,3,17,22,11,0,13,10,13,1,0,7,0,1,0
39408,2,36,2,2,14,25,12,0,13,10,13,1,0,7,0,1,0
39409,2,40,3,2,11,26,12,0,13,10,13,1,0,7,0,1,0
39425,2,36,2,2,13,24,10,0,13,12,13,1,0,7,0,1,0
39426,2,37,2,2,11,22,10,0,13,10,13,1,0,7,0,1,0
39427,2,38,2,2,11,21,11,0,13,11,13,1,0,7,0,1,0
39428,2,42,2,2,12,22,10,0,13,11,13,1,0,7,0,1,0
39429,2,37,2,2,11,27,10,0,13,10,13,1,1,7,0,1,0
39430,2,41,2,3,13,27,10,0,13,13,13,1,0,7,0,1,0
39431,2,41,2,2,15,23,10,0,15,10,15,1,0,7,0,1,0
39432,2,36,2,3,16,25,11,0,13,12,13,1,0,7,0,1,0
39517,2,22,2,2,12,21,10,2,13,10,11,1,0,7,0,1,0
39520,2,21,2,2,11,21,2,0,13,2,13,6,0,7,0,1,0
39541,2,21,2,2,11,21,2,0,13,2,13,6,0,7,0,1,0
39598,2,22,2,2,11,21,10,0,13,10,13,1,0,7,0,1,0
39599,2,21,2,2,11,21,8,0,13,8,13,1,0,7,0,1,0
39660,2,21,2,2,11,21,8,0,13,8,13,1,0,7,0,1,0
39977,-1,10,2,2,10,11,0,0,13,0,13,13,0,8,0,0,0
40282,1,11,2,2,10,11,1,0,13,1,13,13,0,7,0,0,0
40536,2,43,2,2,11,22,10,3,13,10,10,1,0,7,0,1,0
40577,2,37,2,2,12,24,10,0,13,12,13,1,0,7,0,1,0
40578,2,50,9,8,16,25,16,14,15,10,1,1,0,7,0,1,0
40621,2,37,2,2,12,22,10,0,13,11,13,1,0,7,0,1,0
40929,2,37,2,2,12,27,10,0,13,10,13,1,0,7,0,1,0
40930,2,44,2,2,12,23,11,0,13,10,13,1,0,7,0,1,0
40931,2,42,2,2,13,23,10,0,13,11,13,1,0,7,0,1,0
40932,2,37,2,2,11,23,10,0,13,10,13,1,0,7,0,1,0
40933,2,38,2,2,19,29,13,4,13,10,9,1,0,7,0,1,0
40934,2,43,2,2,12,21,11,9,13,11,4,1,1,7,0,1,0
40951,2,43,2,2,11,22,10,3,13,10,10,1,0,7,0,1,0
40952,2,37,2,2,12,23,11,3,13,11,10,1,0,7,0,1,0
40953,2,39,2,2,13,26,12,0,13,11,13,1,0,7,0,1,0
41009,2,37,2,2,12,23,11,3,13,11,10,1,0,7,0,1,0
41010,2,36,2,2,26,24,10,1,13,14,12,0,0,7,0,1,0
41075,2,35,2,2,11,22,5,0,13,10,13,1,0,7,0,1,0
41259,2,32,2,2,11,21,9,0,13,8,13,1,0,7,0,1,0
41264,2,37,2,3,11,22,11,0,13,10,13,1,0,7,0,1,0
41265,2,37,2,2,11,24,10,0,13,10,13,1,0,7,0,1,0
41266,2,39,2,2,14,23,9,0,13,10,13,1,0,7,0,1,0
41288,2,38,2,4,13,25,10,1,13,10,12,1,0,7,0,1,0
41291,2,35,2,2,11,21,10,0,13,10,13,1,0,7,0,1,0
41560,1,11,2,4,11,11,1,0,13,1,13,13,0,7,0,0,0
42330,2,25,3,2,18,24,11,0,13,11,13,1,1,7,0,1,0
42448,2,22,3,2,11,21,10,3,13,10,10,1,1,7,0,1,0
42499,2,22,3,2,11,21,10,3,13,10,10,1,1,7,0,1,0
42715,2,43,2,2,11,22,12,0,13,10,13,1,1,7,0,1,0
43532,2,43,3,2,14,22,14,1,13,10,12,1,0,7,0,1,0
43535,2,36,2,2,11,21,10,0,13,10,13,1,0,7,0,1,0
43749,2,36,2,2,21,22,2,1,23,10,22,2,1,7,0,1,0
44662,2,40,3,2,17,26,11,10,13,10,3,1,0,7,0,1,0
45223,-1,21,2,6,10,11,0,2,13,2,11,6,0,7,0,1,0
45429,2,38,2,2,11,21,10,1,13,10,12,1,0,7,0,1,0
45430,2,36,2,2,11,21,11,0,13,10,13,1,0,7,0,1,0
45434,2,37,2,2,11,22,10,0,13,10,13,1,0,7,0,1,0
45435,2,37,2,2,11,22,10,0,13,10,13,1,0,7,0,1,0
45641,1,19,2,2,11,11,1,1,13,0,12,13,0,8,0,1,0
45687,2,35,2,2,11,21,10,0,13,10,13,1,0,7,0,1,0
45688,2,42,2,3,17,24,14,0,13,10,13,1,0,7,0,1,0
45969,-1,1,1,4,1,3,0,2,1,0,-1,1,0,9,0,0,0
46204,-1,7,0,1,2,0,0,1,1,2,0,0,0,6,0,1,0
46360,-1,0,0,1,1,1,0,1,1,0,0,1,0,7,0,0,0
46383,-1,1,0,0,0,2,0,1,1,0,0,1,0,8,0,0,0
46473,-1,5,1,21,6,8,27,11,5,0,-6,5,0,13,0,0,0
46486,-1,3,0,11,3,2,0,3,1,6,-2,0,0,10,0,0,0
46547,2,6,1,0,3,1,2,1,3,7,2,0,0,11,0,1,0
46781,-1,0,0,0,0,1,0,0,1,0,1,1,0,9,0,0,0
46791,-1,7,1,3,9,11,56,9,1,1,-8,1,0,13,0,0,0
47311,1,3,2,3,2,5,0,0,1,0,1,1,0,1,0,1,0
47326,-1,0,0,1,4,0,0,1,5,0,4,5,0,4,0,0,0
47625,2,19,0,3,4,5,0,6,7,8,1,0,0,6,0,1,0
47634,2,26,0,1,3,6,0,3,6,9,3,0,0,6,0,1,0
47661,2,18,0,1,3,2,0,3,6,5,3,1,0,6,0,1,0
47776,-1,0,0,3,0,1,2,10,5,9,-5,0,0,2,0,0,0
47852,-1,1,0,3,3,0,0,10,3,0,-7,3,0,27,0,0,0
48015,-1,1,0,0,4,5,0,0,3,0,3,3,0,2,0,0,0
48081,-1,0,0,2,1,0,0,0,4,7,4,0,0,1,9,0,0
48181,1,11,0,0,9,3,0,0,4,4,4,1,0,2,0,3,0
48184,1,11,0,1,9,3,0,0,4,4,4,1,0,2,0,3,0
48216,2,38,0,2,11,3,0,6,6,30,0,0,0,3,0,1,0
48251,2,27,0,0,10,3,0,0,3,8,3,0,0,2,0,3,0
48323,-1,7,1,0,0,1,2,0,0,4,0,0,0,4,0,0,0
48734,2,9,6,4,3,1,0,2,3,4,1,0,0,7,0,1,0
48834,-1,11,1,0,1,2,1,7,1,0,-6,1,0,1,0,0,0
48836,2,18,1,2,4,0,2,31,3,45,-28,0,0,1,0,1,0
48838,1,18,1,2,2,0,1,8,0,1,-8,0,0,2,0,2,0
48840,-1,22,1,0,2,0,1,8,0,21,-8,0,0,1,0,3,0
48844,2,29,1,0,6,2,3,68,3,94,-65,0,0,1,0,3,0
48846,1,10,1,1,1,0,1,8,0,1,-8,0,0,1,0,2,0
48851,2,23,2,0,2,0,1,16,0,31,-16,0,0,1,0,2,0
48852,2,21,1,0,1,0,1,29,0,35,-29,0,0,1,0,3,0
48857,2,13,1,0,1,0,1,14,0,9,-14,0,0,1,0,1,0
48858,2,15,1,0,3,0,1,15,0,10,-15,0,0,1,0,2,0
48860,-1,22,1,0,4,0,1,8,1,1,-7,1,0,1,0,2,0
48864,-1,16,1,8,5,8,1,2,15,1,13,15,0,5,0,0,0
48894,-1,21,1,4,5,6,2,2,15,1,13,15,0,2,0,1,0
51839,-1,1,62,1,26,16,0,1,103,0,102,103,0,8,1,0,0
55925,-1,2,61,1,26,19,0,1,103,0,102,103,0,10,1,0,0
56718,-1,1,60,1,26,16,0,1,103,0,102,103,0,6,1,0,0
57211,-1,1,61,1,26,16,0,1,104,0,103,104,0,7,1,0,0
58029,-1,6,0,1,3,4,3,6,1,2,-5,0,0,2,0,0,0
58170,1,3,1,3,2,5,0,0,1,1,1,1,0,1,0,1,0
58199,-1,11,0,1,26,4,3,0,20,7,20,2,0,13,1,0,0
58316,1,10,1,1,2,0,0,0,0,3,0,0,0,3,0,2,0
58319,1,13,1,1,5,0,0,0,1,3,1,0,0,3,0,2,0
58325,-1,0,18,0,0,1,0,0,0,0,0,0,0,3,1,0,0
58342,1,10,1,1,2,0,0,0,1,3,1,0,0,3,0,2,0
58343,1,10,1,0,3,0,0,0,1,3,1,0,0,3,0,2,0
58348,1,9,1,0,2,0,0,0,0,3,0,0,0,3,0,2,0
58349,1,10,1,0,2,0,0,3,0,3,-3,0,0,3,0,2,0
58350,1,9,1,0,2,0,0,0,1,3,1,0,0,3,0,2,0
58354,1,10,4,1,2,0,0,0,1,3,1,0,3,3,0,2,0
58422,-1,5,0,2,2,6,0,4,0,1,-4,0,0,15,1,0,0
58449,-1,2,0,0,0,0,3,0,1,0,1,1,0,1,1,0,0
58646,-1,19,1,1,3,2,0,0,2,0,2,2,0,1,0,1,0
58696,-1,0,0,0,0,0,0,2,0,0,-2,0,0,1,0,0,0
58697,-1,0,0,0,0,0,0,14,0,0,-14,0,0,1,0,0,0
58729,-1,0,0,2,0,0,0,17,0,0,-17,0,0,6,0,0,0
58969,1,9,0,0,2,2,0,5,0,5,-5,0,0,0,0,2,0
58974,-1,2,1,11,4,2,0,28,2,4,-26,0,0,1,0,0,0
59183,1,9,0,0,5,2,0,7,2,5,-5,0,0,0,0,2,0
59675,-1,5,0,0,4,8,0,0,3,1,3,3,0,3,0,1,0
59715,-1,3,0,0,6,10,1,0,2,0,2,2,0,2,0,0,0
59857,-1,3,0,0,3,8,0,0,2,0,2,2,0,2,0,0,0
59933,-1,0,0,0,0,0,0,0,0,0,0,0,0,0,0,0,0
60150,-1,3,0,0,3,8,0,0,2,0,2,2,0,2,0,0,0
60300,-1,8,0,0,3,8,0,0,2,10,2,0,0,4,0,1,0
60530,-1,7,0,0,37,2,0,0,50,0,50,50,0,17,0,0,0
60533,-1,3,0,0,28,2,0,0,30,0,30,30,0,1,0,0,0
60535,-1,3,0,0,29,4,0,0,35,2,35,17,0,1,0,0,0
60540,-1,8,0,0,26,2,0,0,28,1,28,28,0,1,0,1,0
60541,-1,8,0,0,34,2,0,0,34,0,34,34,0,1,0,1,0
60547,-1,9,0,0,32,3,0,0,35,1,35,35,0,1,0,1,0
60549,-1,11,0,3,20,4,0,0,21,1,21,21,0,4,0,0,0
60553,-1,3,0,0,33,2,0,0,34,0,34,34,0,1,0,0,0
61153,-1,1,0,0,3,3,0,0,11,1,11,11,0,10,0,0,0
61349,-1,6,0,7,4,3,0,10,5,1,-5,5,0,10,0,0,0
61478,-1,3,0,0,6,2,0,27,6,1,-21,6,0,69,0,0,0
61588,-1,1,0,0,4,3,0,2,4,1,2,4,0,10,2,0,0
61679,-1,8,0,0,1,1,0,0,0,7,0,0,0,5,0,1,0
61787,-1,19,0,0,0,3,0,0,0,14,0,0,0,5,0,1,0
62259,-1,0,0,0,4,1,0,0,0,2,0,0,0,3,0,0,0
62322,-1,0,0,0,0,1,0,4,0,2,-4,0,0,3,1,0,0
62495,-1,4,2,3,5,7,4,0,0,2,0,0,0,5,0,1,0
62584,-1,17,2,2,5,15,4,0,0,8,0,0,0,24,0,2,0
63067,-1,0,0,1,2,0,0,0,1,6,1,0,0,14,0,0,0
63098,-1,0,1,3,3,0,0,0,1,4,1,0,0,15,0,0,0
63252,-1,6,0,1,16,6,0,0,15,1,15,15,0,7,0,1,0
63260,-1,6,0,1,9,1,0,0,8,1,8,8,0,1,0,0,0
63450,-1,2,1,2,9,0,0,1,9,1,8,9,0,1,0,0,0
63530,-1,3,0,0,12,5,0,0,12,0,12,12,0,5,0,0,0
63584,-1,3,0,1,14,6,0,0,14,0,14,14,0,5,0,0,0
63717,-1,2,0,0,6,7,0,0,5,1,5,5,0,3,0,1,0
63854,1,4,1,1,1,1,0,0,0,5,0,0,0,4,0,1,0
64049,-1,3,0,4,17,5,0,0,16,0,16,16,0,6,0,0,0
64333,-1,0,0,1,1,8,0,1,1,4,0,0,0,4,0,0,0
64471,-1,0,0,0,11,3,0,0,16,3,16,5,0,6,6,0,0
64552,-1,0,0,0,8,9,0,1,6,4,5,1,0,3,0,0,0
64860,-1,3,0,1,1,11,0,1,1,2,0,0,0,4,0,0,0
65094,-1,0,0,0,1,9,0,1,1,2,0,0,0,4,0,0,0
65314,-1,1,0,0,2,9,0,1,2,2,1,1,0,6,0,0,0
65357,-1,0,0,0,1,9,0,1,1,2,0,0,0,5,0,0,0
65360,-1,0,0,2,6,9,0,1,9,3,8,3,0,5,0,0,0
65580,-1,0,0,0,1,8,0,15,1,4,-14,0,0,3,0,0,0
65695,-1,6,0,0,3,12,1,1,5,5,4,1,0,4,1,0,0
65721,-1,0,0,0,1,9,0,1,1,2,0,0,0,4,0,0,0
67091,-1,0,0,0,1,8,0,0,0,0,0,0,0,4,0,0,0
67406,-1,2,0,0,5,9,0,0,5,3,5,1,0,3,0,1,0
67783,-1,6,0,0,1,2,0,0,2,2,2,1,0,4,0,0,0
67822,-1,9,0,2,2,5,1,0,2,2,2,1,0,5,0,0,0
67974,-1,0,0,0,0,0,0,0,0,2,0,0,0,1,3,0,0
68876,-1,2,0,2,0,1,0,0,1,1,1,1,0,2,2,0,0
69083,-1,0,0,0,0,2,0,0,0,1,0,0,0,1,0,0,0
69181,-1,2,0,1,9,0,1,1,8,2,7,4,0,6,0,0,0
69234,-1,0,0,0,0,0,0,0,0,0,0,0,0,0,0,0,0
69312,-1,7,3,1,1,0,0,8,0,0,-8,0,0,4,0,2,0
69317,-1,4,3,1,2,0,0,19,1,1,-18,1,0,8,0,1,0
69440,-1,7,0,0,0,0,0,0,1,0,1,1,0,5,0,2,0
69625,1,11,0,1,1,0,1,2,3,3,1,1,0,22,2,1,0
69664,-1,5,0,0,0,1,0,0,0,0,0,0,0,8,0,1,0
69720,-1,2,0,0,0,1,0,0,0,0,0,0,0,1,0,0,0
69725,-1,0,0,0,0,1,0,0,0,0,0,0,0,1,0,0,0
69801,-1,2,0,0,0,1,1,0,0,0,0,0,0,1,0,0,0
69853,-1,0,0,0,0,3,0,2,0,0,-2,0,0,2,0,0,0
69966,2,34,2,0,224,307,11,17,143,304,126,0,0,157,0,1,0
69967,-1,0,0,0,0,1,0,0,3,0,3,3,0,1,0,0,0
70259,2,14,1,2,4,3,1,4,5,0,1,5,0,3,1,1,0
70267,1,14,1,0,3,0,1,4,2,2,-2,1,0,16,2,2,0
70269,1,12,1,0,1,0,3,1,0,2,-1,0,0,15,2,2,0
70270,1,14,1,0,1,0,1,1,4,2,3,2,0,16,2,2,0
70291,2,7,1,1,1,2,0,2,1,2,-1,0,2,7,1,1,0
70437,-1,0,0,1,5,2,0,2,0,8,-2,0,0,16,0,0,0
70464,-1,9,0,0,0,0,0,0,0,1,0,0,0,1,0,2,0
70465,-1,7,0,0,0,0,0,0,0,1,0,0,0,1,0,2,0
70467,2,16,0,9,0,0,0,19,9,1,-10,9,0,19,9,2,0
70468,1,14,0,7,0,2,0,16,7,1,-9,7,0,15,7,2,0
70488,1,8,0,1,1,0,0,2,5,1,3,5,0,3,1,2,0
70489,1,8,0,2,1,0,0,2,2,1,0,2,0,3,1,2,0
70492,1,8,0,1,1,0,0,2,2,1,0,2,0,3,1,2,0
70493,1,8,0,1,1,0,0,2,2,1,0,2,0,3,1,2,0
70495,1,8,0,1,1,0,0,2,2,1,0,2,0,3,1,2,0
70496,1,8,0,1,1,0,0,2,2,1,0,2,0,3,1,2,0
70497,1,8,0,1,4,0,0,2,2,1,0,2,0,3,1,2,0
70498,1,8,0,1,1,0,0,2,2,1,0,2,0,3,1,2,0
70499,1,8,0,1,1,0,0,2,2,1,0,2,0,3,1,2,0
70500,1,8,0,1,0,1,0,2,1,1,-1,1,0,3,1,2,0
70502,1,8,0,1,0,4,0,3,1,1,-2,1,0,3,1,2,0
70503,1,8,0,1,1,0,0,2,2,1,0,2,0,3,1,2,0
70504,1,8,0,1,0,1,0,2,1,1,-1,1,0,3,1,2,0
70506,1,8,0,1,0,1,0,2,1,1,-1,1,0,3,1,2,0
70507,1,8,0,1,0,1,0,2,1,1,-1,1,0,3,1,2,0
70508,1,8,0,1,0,0,0,2,1,1,-1,1,0,3,1,2,0
70729,1,12,0,0,1,1,1,1,2,2,1,1,0,9,0,2,0
70811,2,14,0,1,16,5,1,13,2,8,-11,0,1,5,0,1,0
71442,2,2,0,0,0,0,0,1,0,0,-1,0,0,2,0,1,0
71611,-1,4,1,1,5,1,0,0,0,0,0,0,0,1,0,0,0
72081,2,12,1,1,0,3,0,5,8,3,3,2,2,10,1,1,0
72306,1,5,0,0,0,3,1,4,0,1,-4,0,0,2,0,1,0
72307,1,4,0,1,1,1,1,7,0,1,-7,0,0,2,0,1,0
72791,2,8,0,5,1,5,0,38,1,36,-37,0,0,14,4,1,0
73086,-1,0,2,0,0,1,0,0,0,0,0,0,0,7,0,0,0
73326,2,15,1,1,3,0,0,26,18,20,-8,0,0,15,0,1,0
73368,-1,1,0,0,1,0,1,1,1,1,0,1,0,1,0,0,0
73405,2,10,0,1,1,0,0,13,1,6,-12,0,0,1,0,1,0
73420,1,8,0,3,3,2,0,6,2,1,-4,2,0,1,0,1,0
73942,-1,8,0,0,1,0,2,0,1,2,1,0,0,0,0,0,0
74206,-1,0,0,0,0,2,0,0,0,0,0,0,0,2,1,0,0
75049,-1,4,0,14,5,3,0,1,4,5,3,0,0,23,0,0,0
75292,-1,0,0,0,0,1,0,0,0,2,0,0,0,5,1,0,0
76578,1,6,0,2,1,2,0,7,1,1,-6,1,0,1,0,2,0
76586,1,6,0,2,1,2,0,7,1,1,-6,1,0,1,0,2,0
76596,-1,1,0,0,1,0,0,1,1,5,0,0,0,1,0,0,0
76621,1,7,0,2,3,3,0,10,2,1,-8,2,0,1,0,2,0
76622,1,7,0,2,3,2,0,7,2,1,-5,2,0,1,0,2,0
76769,2,9,1,2,5,4,0,63,3,29,-60,0,0,1,0,2,0
76796,1,6,0,2,1,4,0,7,1,1,-6,1,0,1,0,2,0
76798,1,6,0,2,6,2,0,6,1,1,-5,1,0,1,0,2,0
76799,1,6,0,2,1,2,0,7,1,1,-6,1,0,1,0,2,0
76800,1,8,0,3,1,2,1,8,1,1,-7,1,0,1,0,2,0
76803,1,6,0,2,1,2,0,7,1,1,-6,1,0,1,0,2,0
76806,1,6,0,2,1,2,0,8,1,1,-7,1,0,1,0,2,0
76807,1,6,4,2,1,2,0,7,1,1,-6,1,0,1,0,2,0
76808,1,6,0,2,1,2,0,8,1,1,-7,1,0,1,0,2,0
76888,-1,0,0,0,0,1,0,0,0,0,0,0,0,1,0,0,0
76908,-1,0,0,0,0,2,0,0,0,0,0,0,0,2,0,0,0
77113,-1,0,0,0,2,1,0,1,0,0,-1,0,0,0,0,0,0
77126,-1,0,0,0,2,1,0,0,0,0,0,0,0,1,0,0,0
77141,-1,0,0,0,4,1,0,1,2,4,1,0,0,0,0,0,0
77159,-1,0,0,0,2,1,0,0,0,0,0,0,0,2,0,0,0
77535,-1,0,11,2,11,16,0,0,0,0,0,0,0,3,1,0,0
77566,-1,0,11,0,11,15,1,0,0,0,0,0,0,3,1,0,0
77610,2,11,1,4,6,1,0,7,6,0,-1,6,0,3,1,1,0
77613,2,9,1,1,4,1,0,0,3,0,3,3,0,3,1,1,0
77615,2,16,1,1,9,1,0,0,8,0,8,8,0,3,1,1,0
77617,2,36,1,4,23,1,0,8,23,1,15,23,8,3,1,1,0
77954,-1,2,0,0,18,1,0,1,0,0,-1,0,0,4,1,0,0
77975,-1,0,0,0,0,0,0,1,0,0,-1,0,0,4,0,0,0
78020,-1,0,0,0,0,3,0,3,1,0,-2,1,0,7,0,0,0
78174,-1,1,0,1,0,0,0,0,0,0,0,0,0,9,0,0,0
78189,-1,1,0,0,0,0,0,0,0,0,0,0,0,5,1,0,0
78200,-1,1,0,0,0,1,0,0,0,0,0,0,0,4,0,0,0
78203,-1,1,0,1,0,0,0,0,0,0,0,0,0,13,0,0,0
78204,-1,1,0,1,0,0,0,0,0,0,0,0,0,12,0,0,0
78206,-1,1,0,0,0,0,0,0,0,0,0,0,0,5,0,0,0
78213,-1,2,0,0,0,9,0,0,0,0,0,0,0,5,0,0,0
78227,-1,1,0,0,0,1,0,0,0,0,0,0,0,5,1,0,0
78241,-1,8,0,0,0,0,0,0,0,4,0,0,0,4,0,1,0
78251,1,6,0,0,0,0,0,0,0,4,0,0,0,4,0,1,0
78252,-1,1,0,2,0,0,0,1,0,0,-1,0,0,30,0,0,0
78253,-1,2,1,3,1,0,0,13,0,2,-13,0,0,5,0,1,0
78254,-1,3,1,2,2,0,1,4,0,2,-4,0,0,10,0,1,0
78255,1,6,0,0,0,0,0,0,0,4,0,0,0,4,0,1,0
78256,-1,8,0,0,0,0,0,0,0,4,0,0,0,4,0,1,0
78257,-1,1,0,1,0,0,0,0,0,0,0,0,0,5,0,0,0
78368,2,10,0,1,3,1,0,13,3,12,-10,0,0,1,0,1,0
78412,-1,1,0,1,0,0,0,8,0,0,-8,0,0,3,1,0,0
78496,-1,1,0,0,1,0,1,4,1,0,-3,1,0,2,0,0,0
78907,-1,10,0,2,4,2,0,5,7,5,2,1,0,5,0,0,0
81445,-1,2,7,1,1,1,0,0,0,1,0,0,0,0,0,0,0
81569,-1,49,0,6,22,21,7,0,20,142,20,0,0,0,1,0,0
81699,-1,6,2,161,22,111,0,4,7,21,3,0,0,0,1,0,0
81735,-1,5,0,33,2,48,0,1,0,1,-1,0,0,0,1,0,0
81854,-1,1,0,32,18,24,0,10,13,4,3,3,0,0,1,0,0
82084,-1,0,0,268,8,6,0,0,1,3,1,0,0,0,1,0,0
82493,-1,0,0,13,3,0,0,1,7,0,6,7,0,0,1,0,0
82558,-1,13,0,325,71,93,0,14,32,27,18,1,0,0,11,0,0
87171,-1,9,0,1,3,0,0,3,6,3,3,2,0,5,1,0,0
90628,-1,0,0,1,5,0,0,0,0,0,0,0,0,2,0,0,0
90899,-1,0,0,1,1,0,1,0,1,2,1,0,0,9,3,1,0
92154,-1,15,1,4,3,4,1,48,0,80,-48,0,0,77,1,0,0
92336,-1,1,11,1,11,15,0,0,1,0,1,1,0,4,1,0,0
92463,-1,6,0,0,0,0,2,0,0,0,0,0,0,0,0,1,0
92480,2,17,1,1,12,1,0,0,10,1,10,10,7,3,1,1,0
92557,2,8,0,5,1,5,0,38,1,36,-37,0,0,14,4,1,0
92688,-1,0,0,0,10,1,0,0,0,2,0,0,0,3,0,0,0
92718,-1,3,0,0,0,0,0,0,1,0,1,1,0,1,0,0,0
92724,-1,0,0,0,2,1,0,1,0,0,-1,0,0,1,0,0,0
92746,-1,0,0,0,0,0,0,0,0,0,0,0,0,1,0,0,0
92747,-1,0,0,0,2,1,0,0,0,0,0,0,0,6,0,0,0
92748,-1,0,0,0,0,0,0,0,0,0,0,0,0,0,0,0,0
93175,-1,0,11,0,11,16,0,0,0,1,0,0,0,3,1,0,0
93274,1,6,0,2,1,2,0,7,1,1,-6,1,0,1,0,2,0
93275,1,6,0,2,1,2,0,5,1,1,-4,1,0,1,0,2,0
93276,1,6,0,2,1,4,0,6,1,1,-5,1,0,1,0,2,0
93278,1,6,0,2,1,2,0,6,1,1,-5,1,0,1,0,2,0
93433,-1,1,1,1,1,1,0,0,0,0,0,0,0,4,1,0,0
94167,-1,9,0,2,0,3,0,3,0,1,-3,0,0,8,0,0,0
94271,-1,5,1,2,7,2,10,6,3,0,-3,3,0,11,0,0,0
94273,-1,1,0,0,0,1,0,0,0,0,0,0,0,8,0,0,0
94360,-1,0,0,0,0,1,0,0,2,1,2,2,0,9,0,0,0
94407,-1,0,0,0,0,1,0,0,0,0,0,0,0,9,0,0,0
94413,-1,0,0,0,0,4,0,2,0,3,-2,0,0,11,0,0,0
94496,-1,1,0,0,1,1,0,5,0,2,-5,0,0,5,0,0,0
94698,-1,0,0,1,1,5,0,10,1,0,-9,1,0,24,7,0,0
94700,-1,0,0,1,10,0,0,101,5,0,-96,5,0,24,7,0,0
94922,-1,0,0,0,0,0,0,0,0,0,0,0,0,0,0,0,0
94945,-1,0,0,0,0,0,0,0,0,1,0,0,0,0,0,0,0
95003,-1,0,0,1,0,0,0,0,0,1,0,0,0,4,3,0,0
95178,-1,0,0,0,4,0,0,0,0,0,0,0,0,2,0,0,0
95192,2,6,0,0,1,2,0,1,2,20,1,0,1,0,0,1,0
95198,-1,1,0,0,0,0,0,0,0,0,0,0,0,2,0,0,0
95205,2,6,0,0,1,2,0,1,2,20,1,0,1,0,0,1,0
95233,-1,0,0,0,1,0,0,0,0,1,0,0,0,10,0,0,0
95603,-1,1,0,0,4,2,0,0,0,1,0,0,0,1,0,0,0
97172,-1,0,0,0,2,1,0,0,0,0,0,0,0,1,0,0,0
98170,2,16,0,0,3,0,0,0,5,10,5,0,1,9,1,1,0
98191,1,11,2,0,3,2,1,0,2,3,2,0,0,16,1,1,0
98319,-1,37,1,1,1,0,0,0,0,2,0,0,0,10,1,1,0
98350,2,14,0,5,2,0,0,7,6,32,-1,0,0,11,1,1,0
98410,1,9,2,1,5,2,0,1,1,3,0,0,0,16,1,1,0
98411,1,10,2,2,6,3,1,2,1,2,-1,0,0,16,1,1,0
98412,1,10,2,2,4,4,1,2,2,3,0,0,0,16,1,1,0
98413,1,10,2,1,2,3,1,1,0,3,-1,0,0,16,1,1,0
98414,1,12,2,2,2,3,1,1,1,3,0,0,0,17,1,1,0
98415,1,9,2,2,2,5,1,4,0,3,-4,0,0,16,1,1,0
98416,1,9,2,2,2,3,1,0,1,3,1,0,0,16,1,1,0
98417,1,12,2,3,2,2,1,3,0,3,-3,0,0,16,1,1,0
98418,1,11,2,2,2,5,1,1,1,3,0,0,0,16,1,1,0
98419,1,10,2,2,3,2,1,2,0,3,-2,0,0,16,1,1,0
98555,-1,17,0,1,1,1,0,0,0,1,0,0,0,10,1,1,0
98569,2,12,0,0,4,0,0,59,63,127,4,0,0,10,1,1,0
98574,-1,16,0,1,1,0,0,0,0,1,0,0,0,9,1,1,0
98588,1,11,2,1,3,2,1,0,2,5,2,0,0,16,1,1,0
98589,1,11,2,1,3,2,1,0,2,5,2,0,0,16,1,1,0
98590,1,10,2,0,3,2,1,0,2,3,2,0,0,16,1,1,0
98594,1,10,3,0,4,2,1,0,2,3,2,0,0,16,1,1,0
98613,1,10,2,0,3,4,1,3,2,3,-1,0,0,16,1,1,0
98647,1,10,2,0,3,4,1,0,2,3,2,0,0,16,1,1,0
98671,1,10,2,0,3,3,1,0,1,3,1,0,0,16,1,1,0
98678,1,10,2,0,3,2,5,0,1,3,1,0,0,16,1,1,0
98680,1,10,2,0,3,2,1,0,1,2,1,0,0,16,1,1,0
98710,1,11,2,1,2,2,1,2,0,3,-2,0,0,17,2,1,0
98714,1,11,2,0,3,3,1,0,1,3,1,0,0,16,1,1,0
98774,1,12,2,0,3,3,1,0,0,4,0,0,0,16,1,1,0
98810,1,9,2,0,2,2,1,1,1,3,0,0,0,17,2,1,0
98823,1,9,3,0,2,2,1,0,1,3,1,0,0,16,1,1,0
98837,1,9,2,0,2,3,1,1,2,3,1,0,0,16,1,1,0
98838,1,11,2,0,2,4,1,1,1,3,0,0,0,16,1,1,0
98866,1,9,2,0,2,3,1,0,1,2,1,0,0,16,1,1,0
98888,-1,16,0,0,1,1,0,0,0,0,0,0,0,12,1,1,0
98913,1,9,2,0,2,2,1,0,0,3,0,0,0,16,1,1,0
98928,1,10,2,2,3,2,2,0,1,3,1,0,0,17,2,1,0
98929,1,11,2,1,2,2,1,0,1,3,1,0,0,16,1,1,0
98930,1,10,2,1,3,3,1,1,1,3,0,0,0,17,2,1,0
98935,1,11,4,1,4,2,1,3,1,3,-2,0,0,16,1,1,0
98937,1,11,2,2,2,2,1,0,1,3,1,0,0,17,2,1,0
98943,1,9,2,0,3,2,0,0,1,3,1,0,0,16,1,1,0
98974,1,10,2,0,2,2,0,0,0,3,0,0,0,16,1,1,0
98975,1,10,2,0,5,2,0,0,3,3,3,1,0,16,1,1,0
98976,1,10,2,0,2,2,0,0,0,3,0,0,0,16,1,1,0
98977,1,10,2,0,2,2,0,0,0,3,0,0,0,16,1,1,0
98978,1,10,2,0,2,2,0,0,0,3,0,0,0,16,1,1,0
98979,1,10,2,0,2,2,0,0,0,3,0,0,0,16,1,1,0
98980,1,10,2,0,2,2,0,0,0,2,0,0,0,16,1,1,0
98981,1,10,2,0,2,2,0,0,0,3,0,0,0,16,1,1,0
98982,1,10,2,0,2,2,0,0,0,3,0,0,0,16,1,1,0
98983,1,10,2,0,2,2,0,0,0,3,0,0,0,16,1,1,0
98984,1,10,2,0,2,2,0,0,0,3,0,0,0,16,1,1,0
98985,1,10,2,0,2,2,0,0,0,3,0,0,0,16,1,1,0
98986,1,10,2,0,2,2,0,0,0,3,0,0,0,16,1,1,0
98987,1,10,2,0,2,2,0,0,0,3,0,0,0,16,1,1,0
98988,1,13,2,0,2,2,0,0,0,3,0,0,0,16,1,1,0
98989,1,10,2,0,2,2,0,0,0,3,0,0,0,16,1,1,0
98990,1,10,2,0,2,2,0,0,0,3,0,0,0,16,1,1,0
98991,1,10,2,0,2,2,3,0,0,3,0,0,0,16,1,1,0
98992,1,10,2,3,2,2,0,0,0,3,0,0,0,16,1,1,0
98993,1,10,2,0,2,2,0,0,0,2,0,0,0,16,1,1,0
98994,1,10,2,0,2,2,0,0,0,3,0,0,0,16,1,1,0
98995,1,10,2,0,2,2,0,0,0,3,0,0,0,16,1,1,0
98996,1,10,2,0,2,2,0,0,0,3,0,0,0,16,1,1,0
98997,1,10,2,0,2,2,0,0,0,3,0,0,0,16,1,1,0
98998,1,10,2,0,2,2,0,0,0,3,0,0,0,16,1,1,0
98999,1,10,2,0,2,2,0,0,0,3,0,0,0,16,1,1,0
99000,1,10,2,0,2,2,0,0,0,3,0,0,0,16,1,1,0
99001,1,11,2,0,2,2,2,0,0,3,0,0,0,16,1,1,0
99002,1,10,2,0,2,2,0,0,0,3,0,0,0,16,1,1,0
99003,1,12,2,0,2,3,2,0,0,3,0,0,0,16,1,1,0
99004,1,13,2,0,2,3,1,0,0,3,0,0,0,16,1,1,0
99005,1,11,2,0,3,2,2,0,0,2,0,0,0,16,1,1,0
99006,1,10,2,0,2,2,2,0,0,3,0,0,0,16,1,1,0
99007,1,11,2,0,2,2,1,0,0,3,0,0,0,16,1,1,0
99008,1,10,2,0,2,2,1,0,0,2,0,0,0,16,1,1,0
99009,1,10,2,0,3,2,1,0,0,3,0,0,0,16,1,1,0
99010,1,12,2,0,2,2,1,0,0,3,0,0,0,16,1,1,0
99011,1,11,2,0,2,2,2,0,0,1,0,0,0,16,1,1,0
99012,1,11,2,0,5,2,2,0,0,3,0,0,0,16,1,1,0
99013,1,10,2,0,2,2,1,0,0,3,0,0,0,16,1,1,0
99014,1,10,2,0,2,2,0,0,0,2,0,0,0,16,1,1,0
99015,1,10,2,0,2,2,1,0,0,3,0,0,0,16,1,1,0
99016,1,10,2,0,2,2,0,0,0,3,0,0,0,16,1,1,0
99017,1,10,2,0,2,2,1,0,0,3,0,0,0,16,1,1,0
99018,1,10,2,0,2,5,1,0,0,3,0,0,0,16,1,1,0
99019,1,11,2,0,2,2,6,0,0,3,0,0,0,16,1,1,0
99020,1,10,2,0,2,2,1,0,0,3,0,0,0,16,1,1,0
99021,1,11,2,0,2,2,1,0,0,3,0,0,0,16,1,1,0
99022,1,12,2,0,6,2,1,0,0,3,0,0,0,16,1,1,0
99023,1,10,2,0,2,2,1,0,0,3,0,0,0,16,1,1,0
99049,1,10,2,0,2,2,1,1,1,3,0,0,0,16,1,1,0
99139,1,10,2,0,2,2,1,0,0,3,0,0,0,16,1,1,0
99140,1,11,3,0,2,2,1,0,1,3,1,0,0,16,1,1,0
99141,1,11,2,0,2,3,2,0,1,3,1,0,0,16,1,1,0
99142,1,11,2,0,2,2,1,0,1,3,1,0,0,16,1,1,0
99143,1,11,2,0,2,2,1,0,1,3,1,0,0,16,1,1,0
99144,1,10,2,0,2,2,0,0,1,3,1,0,3,16,1,1,0
99145,1,10,2,0,3,2,1,0,1,3,1,0,0,16,1,1,0
99146,1,11,2,0,2,2,1,0,0,3,0,0,0,16,1,1,0
99190,-1,16,0,0,1,1,0,0,0,0,0,0,0,11,1,1,0
99202,-1,15,0,0,3,0,0,0,2,3,2,0,0,12,1,1,0
99225,1,9,2,0,2,2,0,0,0,2,0,0,0,16,1,1,0
99263,1,10,2,0,2,2,1,1,1,3,0,0,0,16,1,1,0
99264,1,10,2,0,2,2,1,1,1,3,0,0,0,16,1,1,0
99265,-1,2,5,1,7,4,0,0,3,1,3,3,0,16,0,0,0
99287,1,10,2,2,3,2,1,0,4,3,4,1,0,16,1,1,0
99288,1,10,2,0,2,2,1,1,0,3,-1,0,0,16,1,1,0
99289,-1,13,0,0,1,1,0,0,0,0,0,0,0,10,1,1,0
99290,1,10,2,0,2,2,1,1,1,3,0,0,0,16,1,1,0
99291,-1,37,1,1,1,0,0,0,0,2,0,0,0,10,1,1,0
99292,1,10,2,0,2,2,1,0,1,3,1,0,0,16,1,1,0
99293,1,10,2,0,2,3,1,1,1,3,0,0,0,16,1,1,0
99297,1,10,2,0,2,2,1,0,1,3,1,0,0,16,1,1,0
99298,1,10,2,0,2,2,1,1,1,3,0,0,0,16,1,1,0
99299,1,12,2,0,8,4,1,1,0,3,-1,0,0,16,1,1,0
99302,2,16,0,1,3,0,0,1,8,9,7,0,0,9,1,1,0
99303,-1,17,0,1,1,1,0,0,0,1,0,0,0,10,1,1,0
99305,-1,14,0,0,1,1,0,0,0,0,0,0,0,11,1,1,0
99310,-1,13,0,0,1,1,0,3,0,0,-3,0,0,11,1,1,0
99312,-1,13,0,0,1,1,0,0,0,0,0,0,0,11,1,1,0
99313,1,17,0,0,2,1,0,0,2,0,2,2,0,11,1,1,0
99314,-1,16,0,0,1,1,0,0,0,0,0,0,0,10,1,1,0
99316,1,11,2,0,2,3,1,1,1,4,0,0,0,16,1,1,0
99319,1,11,2,0,3,2,1,0,2,3,2,0,0,16,1,1,0
99321,1,4,2,0,4,2,1,0,2,3,2,0,0,8,0,1,0
99322,1,11,2,0,2,2,1,0,1,3,1,0,0,16,1,1,0
99323,1,11,2,1,4,2,1,1,1,3,0,0,0,16,1,1,0
99324,1,10,2,1,2,2,1,0,2,3,2,0,0,16,1,1,0
99325,-1,16,0,1,1,0,0,0,0,1,0,0,0,9,1,1,0
99328,2,16,0,0,5,1,0,5,12,26,7,0,0,9,1,1,0
99330,2,12,0,0,6,0,0,6,5,11,-1,0,0,10,1,1,0
99334,2,19,0,0,1,0,0,0,4,6,4,0,1,14,1,1,0
99337,1,11,2,1,3,4,1,5,2,3,-3,0,0,16,1,1,0
99341,2,12,0,0,4,0,0,59,63,127,4,0,0,10,1,1,0
99349,2,19,1,0,2,2,0,0,2,0,2,2,0,11,1,1,0
99356,1,10,2,0,2,2,0,0,1,3,1,0,3,16,1,1,0
99357,2,26,0,4,17,3,7,32,113,605,81,0,1,13,1,1,0
99360,2,18,1,0,8,1,0,0,8,17,8,0,0,10,1,1,0
99366,1,15,0,0,3,0,0,0,2,3,2,0,0,12,1,1,0
99397,1,11,2,1,3,3,1,0,1,3,1,0,0,16,1,1,0
99408,1,10,2,1,7,2,1,0,1,3,1,0,0,16,1,1,0
99410,1,10,2,0,8,4,1,0,1,3,1,0,0,16,1,1,0
99411,1,11,2,0,3,2,1,0,2,2,2,1,0,16,1,1,0
99412,1,10,2,1,3,2,1,0,2,3,2,0,0,16,1,1,0
99414,1,10,2,0,3,2,1,0,2,3,2,0,0,16,1,1,0
99415,-1,13,2,0,3,5,0,0,1,3,1,0,0,16,1,1,0
99416,1,10,2,0,3,5,1,0,2,3,2,0,0,16,1,1,0
99417,1,10,2,0,3,3,1,0,2,3,2,0,0,16,1,1,0
99428,1,12,2,0,3,3,1,0,1,3,1,0,0,16,1,1,0
99429,1,11,2,0,3,3,1,0,2,3,2,0,0,16,1,1,0
99455,-1,4,3,3,1,0,2,0,0,2,0,0,0,1,0,0,0
99457,2,14,0,0,14,0,0,12,12,48,0,0,0,12,1,1,0
99458,2,18,1,0,8,1,0,0,8,17,8,0,0,10,1,1,0
99578,1,10,2,1,3,2,1,1,2,3,1,0,0,16,1,1,0
99581,1,10,2,0,8,3,1,0,2,2,2,1,0,16,1,1,0
99582,1,10,2,0,3,2,1,0,2,3,2,0,0,16,1,1,0
99614,1,9,2,1,2,2,0,0,0,3,0,0,3,16,1,1,0
99618,1,10,2,2,7,2,1,1,2,3,1,0,0,16,1,1,0
99619,1,10,2,1,5,2,1,2,2,3,0,0,0,16,1,1,0
99620,1,10,2,0,3,2,1,0,1,1,1,1,0,16,1,1,0
99621,1,12,2,0,3,2,1,0,1,1,1,1,0,16,1,1,0
99622,1,9,2,0,3,2,1,0,1,3,1,0,0,16,1,1,0
99623,1,10,2,0,3,4,1,0,1,1,1,1,0,16,1,1,0
99624,1,11,2,0,3,3,1,0,1,1,1,1,0,16,1,1,0
99808,-1,0,0,0,1,0,0,0,0,0,0,0,0,5,0,0,0
99830,1,16,0,1,4,10,0,0,2,3,2,0,0,24,0,1,0
99868,2,17,0,0,14,2,3,3,16,63,13,0,0,10,1,1,0
99871,1,10,2,1,3,2,1,0,2,3,2,0,0,16,1,1,0
99875,1,12,2,2,7,3,1,0,1,3,1,0,0,16,1,1,0
99915,1,10,3,0,2,2,1,0,1,3,1,0,0,16,1,1,0
99917,1,10,2,0,2,2,1,0,1,3,1,0,0,16,1,1,0
99918,1,12,2,2,2,2,2,0,1,3,1,0,0,16,1,1,0
99973,1,10,2,0,2,2,2,0,1,3,1,0,0,16,1,1,0
99979,1,14,3,1,3,2,1,0,1,3,1,0,0,16,1,1,0
100001,1,10,2,1,3,2,1,4,1,2,-3,0,0,16,1,1,0
100002,1,11,2,0,2,6,1,0,1,3,1,0,0,16,1,1,0
100003,1,12,3,1,2,2,1,1,1,3,0,0,0,16,1,1,0
100006,1,10,2,1,2,3,1,1,1,3,0,0,0,16,1,1,0
100009,1,12,2,1,6,7,2,0,4,3,4,1,0,16,1,1,0
100026,1,14,2,1,2,3,1,0,1,1,1,1,0,16,1,1,0
100034,1,12,2,2,2,4,1,0,1,3,1,0,0,16,1,1,0
100035,1,10,2,2,3,2,1,1,1,3,0,0,0,16,1,1,0
100036,1,11,2,2,2,2,1,0,1,3,1,0,0,16,1,1,0
100037,1,11,2,0,2,2,1,0,1,3,1,0,0,16,1,1,0
100038,1,11,2,1,2,3,1,2,1,3,-1,0,0,16,1,1,0
100039,1,11,2,0,4,2,1,0,1,3,1,0,0,16,1,1,0
100040,1,12,3,1,2,2,1,1,1,3,0,0,0,16,1,1,0
100041,1,11,2,1,4,2,1,1,1,3,0,0,0,16,1,1,0
100042,1,10,2,1,5,2,1,5,1,3,-4,0,0,16,1,1,0
100043,1,11,2,2,2,4,1,4,1,3,-3,0,0,16,1,1,0
100044,1,10,2,1,2,2,1,1,1,3,0,0,0,16,1,1,0
100045,1,12,5,2,2,3,1,2,1,3,-1,0,0,16,1,1,0
100046,1,10,2,0,2,2,1,0,1,3,1,0,1,16,1,1,0
100048,1,11,2,0,2,2,1,0,1,1,1,1,0,16,1,1,0
100064,1,10,2,1,2,2,2,0,1,3,1,0,0,16,1,1,0
100089,1,10,2,0,2,2,0,0,0,3,0,0,0,16,1,1,0
100094,1,10,2,0,2,2,0,0,0,3,0,0,0,16,1,1,0
100095,1,12,2,0,2,2,1,0,0,3,0,0,0,16,1,1,0
100099,1,10,2,0,2,2,0,0,0,3,0,0,0,16,1,1,0
100235,1,11,2,1,2,2,1,0,1,3,1,0,0,17,2,1,0
100236,1,11,2,0,2,2,1,0,1,2,1,0,0,17,2,1,0
100238,1,12,3,1,3,2,1,0,1,3,1,0,0,17,2,1,0
100241,1,11,2,1,3,3,1,1,1,3,0,0,0,17,2,1,0
100251,-1,1,0,0,1,1,1,0,0,0,0,0,0,0,0,1,0
100297,1,10,2,0,3,3,1,0,2,3,2,0,0,16,1,1,0
100381,1,12,2,1,2,5,1,0,0,3,0,0,0,16,1,1,0
100385,1,11,2,1,3,2,1,1,1,3,0,0,0,16,1,1,0
100388,1,11,2,0,2,2,1,0,0,3,0,0,0,16,1,1,0
100389,1,10,2,0,2,2,1,0,0,4,0,0,0,16,1,1,0
100390,1,10,2,0,2,3,1,0,0,3,0,0,0,16,1,1,0
100391,1,11,2,0,2,3,1,0,1,3,1,0,0,16,1,1,0
100392,1,10,2,0,2,2,1,0,0,3,0,0,0,16,1,1,0
100393,1,10,2,0,2,2,1,0,0,3,0,0,0,16,1,1,0
100394,1,11,2,1,3,4,1,2,0,1,-2,0,0,16,1,1,0
100395,1,12,2,1,2,18,1,5,0,2,-5,0,0,16,1,1,0
100396,1,10,2,0,2,2,1,0,0,3,0,0,0,16,1,1,0
100397,1,11,2,1,2,2,1,1,0,3,-1,0,0,16,1,1,0
100398,1,11,2,0,2,3,1,0,0,3,0,0,0,16,1,1,0
100400,1,10,2,3,2,2,1,0,0,3,0,0,0,16,1,1,0
100433,1,10,2,1,2,2,1,1,0,3,-1,0,0,16,1,1,0
100446,2,28,2,1,1,3,0,0,0,6,0,0,0,16,1,0,0
100489,-1,8,3,1,0,6,1,1,1,0,0,1,1,1,0,0,0
103123,-1,0,0,0,0,0,0,0,0,1,0,0,0,2,3,0,0
104243,-1,0,0,0,0,0,0,0,0,1,0,0,0,6,3,0,0
105282,1,11,0,2,1,1,0,1,1,4,0,0,0,3,0,1,1
105736,-1,0,0,2,5,1,0,0,1,6,1,0,0,4,0,0,0
105744,-1,0,0,2,9,2,1,0,0,3,0,0,0,3,0,0,0
105769,-1,1,0,0,2,0,0,0,0,0,0,0,0,1,0,0,0
105771,-1,0,0,0,0,1,0,1,0,0,-1,0,0,3,0,0,0
105791,-1,8,0,0,0,0,0,0,1,0,1,1,0,3,1,1,0
105994,-1,0,0,0,0,1,0,0,0,0,0,0,0,4,1,0,0
106075,-1,10,1,0,1,1,0,7,1,2,-6,0,0,3,0,1,0
106300,-1,6,0,1,2,0,2,3,1,2,-2,0,0,3,0,1,0
106328,-1,1,0,0,0,0,0,0,1,0,1,1,0,2,0,0,0
106522,-1,2,0,0,3,8,0,2,0,6,-2,0,0,4,0,0,0
106578,-1,2,0,0,1,0,0,0,0,2,0,0,0,0,0,0,0
106671,-1,2,0,0,6,0,0,166,2,1,-164,2,0,1,0,0,0
106741,-1,4,0,1,6,0,0,165,2,0,-163,2,0,0,0,0,0
106854,-1,0,4,2,4,5,0,0,0,17,0,0,0,47,0,0,0
107206,-1,1,0,1,1,2,0,2,1,0,-1,1,0,7,0,0,0
107471,1,17,0,0,3,6,0,0,1,6,1,0,0,5,0,2,0
107484,2,12,3,3,8,12,0,0,3,7,3,0,0,3,0,1,0
107488,2,22,4,4,13,17,0,3,5,8,2,0,0,3,0,1,0
107500,1,18,1,2,4,8,0,0,1,6,1,0,0,5,0,2,0
107501,1,16,0,2,3,8,0,4,0,8,-4,0,0,5,0,2,0
107503,1,18,1,2,4,8,0,0,1,6,1,0,0,5,0,2,0
107523,1,17,0,0,3,6,0,0,1,6,1,0,0,5,0,2,0
107524,1,12,0,1,4,8,0,4,1,5,-3,0,0,5,0,2,0
107547,1,9,0,1,0,1,0,3,2,2,-1,1,0,1,1,3,0
107549,-1,4,0,1,2,1,0,7,0,1,-7,0,0,2,1,1,0
107566,1,11,1,0,3,0,0,0,1,7,1,0,0,3,0,2,0
107576,2,26,0,1,12,0,0,6,14,17,8,0,0,3,0,2,0
107672,2,28,0,0,16,1,0,12,18,15,6,1,0,3,0,2,0
107714,1,6,1,3,2,5,0,2,1,1,-1,1,0,0,0,2,0
107744,1,16,0,1,4,8,0,0,1,6,1,0,0,5,0,2,0
107757,1,14,1,1,3,8,0,2,1,5,-1,0,0,5,0,2,0
108006,2,12,1,1,0,3,0,5,8,3,3,2,2,10,1,1,0
108013,-1,2,0,0,0,1,0,0,1,0,1,1,0,6,0,0,0
108055,-1,2,0,0,0,1,0,0,1,0,1,1,0,6,0,0,0
108184,1,8,0,0,0,0,0,0,0,1,0,0,0,1,0,1,0
108399,-1,21,1,2,7,3,1,41,0,68,-41,0,0,76,1,1,0
108714,-1,3,2,1,2,2,0,2,0,1,-2,0,0,2,0,0,0
108920,-1,2,1,0,1,1,1,0,0,12,0,0,0,1,1,0,0
109105,-1,3,1,1,1,3,1,6,0,24,-6,0,0,21,1,0,0
109133,1,8,0,1,0,0,0,2,1,1,-1,1,0,3,1,2,0
109135,1,8,0,1,0,0,0,3,1,1,-2,1,0,3,1,2,0
109136,1,8,0,1,0,0,0,2,1,1,-1,1,0,3,1,2,0
109137,1,8,0,1,0,0,0,2,1,1,-1,1,0,3,1,2,0
109186,1,9,1,1,3,0,0,0,2,6,2,0,0,3,0,2,0
109239,1,15,0,0,5,0,0,0,4,4,4,1,0,3,0,2,0
109406,-1,2,0,2,3,2,0,0,1,0,1,1,0,1,0,0,0
109534,-1,0,0,0,1,0,0,0,0,0,0,0,0,1,0,0,0
109549,1,9,3,0,1,1,0,1,2,6,1,0,0,3,0,2,0
109551,1,7,1,0,0,1,0,3,3,9,0,0,0,3,0,1,0
109565,1,7,2,1,2,1,0,2,1,6,-1,0,0,5,0,2,0
109795,2,12,0,0,15,4,1,10,0,7,-10,0,0,4,0,1,0
109835,2,7,0,0,0,0,0,10,10,1,0,10,0,1,0,2,0
109861,1,8,0,1,0,0,0,2,1,1,-1,1,0,3,1,2,0
109865,1,8,0,1,0,0,0,2,1,1,-1,1,0,3,1,2,0
109866,1,8,0,1,0,0,0,2,1,1,-1,1,0,3,1,2,0
109867,1,8,0,1,0,0,0,2,1,1,-1,1,0,3,1,2,0
109883,2,8,0,0,4,0,0,20,3,42,-17,0,0,5,8,1,0
110271,-1,1,0,4,1,4,0,0,0,1,0,0,0,13,0,0,1
110380,2,27,0,10,4,0,0,23,44,25,21,1,3,3,0,1,0
110389,1,8,1,2,3,0,0,1,3,6,2,0,1,3,0,1,0
110391,1,8,1,3,3,0,0,2,3,5,1,0,1,3,0,1,0
110401,1,8,1,1,4,0,0,0,1,5,1,0,1,3,0,1,0
110403,1,7,1,1,3,0,0,3,3,5,0,0,1,3,0,1,0
110406,1,10,1,2,3,2,0,3,3,5,0,0,1,3,0,2,0
110407,1,8,1,1,3,0,0,0,3,5,3,0,2,3,0,1,0
110408,2,26,0,3,3,0,0,21,39,26,18,1,1,3,0,1,0
110409,2,33,0,10,4,0,0,36,68,40,32,1,1,3,0,1,0
110410,2,22,0,3,2,0,0,26,31,15,5,2,1,3,0,1,0
110411,2,20,0,3,4,0,0,17,29,22,12,1,3,3,0,1,0
110412,2,26,0,4,3,0,0,23,38,21,15,1,1,3,0,1,0
110419,1,8,1,1,3,0,0,1,3,5,2,0,1,3,0,1,0
110422,1,9,1,1,3,0,0,0,1,5,1,0,1,3,0,1,0
110425,1,8,1,1,3,0,0,4,3,5,-1,0,1,3,0,1,0
110426,1,8,1,1,3,0,0,3,3,5,0,0,1,3,0,1,0
110428,1,8,1,1,3,0,0,3,3,5,0,0,1,3,0,1,0
110429,1,8,1,1,3,0,0,3,3,5,0,0,1,3,0,1,0
110430,1,8,1,1,3,0,0,3,3,5,0,0,1,3,0,1,0
110431,1,11,1,1,3,0,0,3,3,5,0,0,1,3,0,1,0
110432,1,8,1,1,3,0,0,1,3,5,2,0,1,3,0,1,0
110433,1,11,1,1,3,2,0,1,3,5,2,0,1,3,0,1,0
110436,1,8,1,1,3,0,0,1,3,5,2,0,1,3,0,1,0
110440,1,9,1,1,3,0,0,1,3,5,2,0,1,3,0,1,0
110442,1,9,1,2,3,0,0,2,3,5,1,0,1,3,0,1,0
110443,1,8,1,2,4,0,0,3,2,5,-1,0,1,3,0,1,0
110445,1,7,1,2,3,0,0,3,3,5,0,0,1,3,0,1,0
110447,1,9,1,2,8,3,0,0,3,5,3,0,1,3,0,1,0
110450,1,11,1,5,3,2,0,1,2,5,1,0,1,3,0,1,0
110454,1,11,1,5,3,2,0,1,2,5,1,0,1,3,0,1,0
110460,1,8,1,1,3,0,0,4,3,5,-1,0,1,3,0,1,0
110462,1,8,1,1,3,0,0,1,3,5,2,0,1,3,0,1,0
110465,1,8,1,1,3,0,0,4,3,5,-1,0,1,3,0,1,0
110466,1,8,1,1,3,0,0,4,3,5,-1,0,1,3,0,1,0
110467,1,8,1,1,3,0,0,4,3,5,-1,0,1,3,0,1,0
110468,1,8,1,1,3,0,0,4,3,5,-1,0,1,3,0,1,0
110469,1,8,1,1,3,0,0,4,3,5,-1,0,1,3,0,1,0
110471,1,8,1,2,3,0,0,1,4,5,3,0,1,3,0,1,0
110473,1,7,1,2,5,1,0,1,3,5,2,0,1,3,0,1,0
110479,1,9,1,3,3,0,0,6,3,5,-3,0,1,3,0,1,0
110485,1,9,1,2,3,1,0,1,3,5,2,0,1,3,0,1,0
110487,1,15,1,2,3,1,1,11,4,5,-7,0,1,3,0,2,0
110493,1,8,1,1,3,0,0,1,3,5,2,0,1,3,0,1,0
110494,1,8,1,1,3,0,0,1,3,5,2,0,1,3,0,1,0
110496,1,9,1,1,3,0,0,0,1,7,1,0,1,3,0,1,0
110499,1,9,1,1,4,0,0,1,3,5,2,0,1,3,0,1,0
110500,1,8,1,1,3,0,0,1,3,5,2,0,1,3,0,1,0
110501,1,7,1,1,4,0,0,3,1,5,-2,0,1,3,0,1,0
110502,1,7,1,1,3,0,0,1,1,5,0,0,1,3,0,1,0
110504,1,7,1,1,7,0,0,0,1,6,1,0,1,3,0,1,0
110506,1,8,1,1,3,0,0,1,3,5,2,0,1,3,0,1,0
110507,1,8,1,1,3,0,0,1,3,5,2,0,1,3,0,1,0
110508,1,7,1,2,3,0,0,3,3,5,0,0,1,3,0,1,0
110511,1,11,1,2,3,0,0,7,2,6,-5,0,1,3,0,1,0
110512,1,8,1,2,3,0,0,1,3,5,2,0,1,3,0,1,0
110516,1,9,1,1,3,0,0,1,3,5,2,0,1,3,0,1,0
110517,1,9,1,1,4,0,0,1,2,5,1,0,1,3,0,1,1
110518,1,8,1,1,3,0,0,4,3,5,-1,0,1,3,0,1,0
110519,1,8,1,1,3,0,0,4,3,5,-1,0,1,3,0,1,0
110522,1,8,1,1,4,1,0,0,2,5,2,0,1,3,0,1,0
110523,1,11,1,5,3,2,0,0,2,5,2,0,1,3,0,1,0
110525,1,10,1,1,3,0,0,7,5,6,-2,0,1,5,0,1,0
110572,2,21,0,1,1,0,0,14,24,12,10,2,0,3,0,1,0
110638,-1,1,0,0,1,1,0,2,0,0,-2,0,0,5,1,0,0
110807,1,49,3,22,6,12,1,0,0,2,0,0,0,0,0,1,0
110982,1,7,0,1,7,1,0,0,5,5,5,1,0,6,0,1,0
111000,1,7,0,3,2,5,0,2,2,3,0,0,0,2,0,2,0
111008,1,7,0,2,2,5,0,0,2,3,2,0,0,2,0,2,0
111034,-1,1,0,4,1,4,0,0,2,1,2,2,0,2,0,0,0
111039,2,4,0,2,1,4,0,11,2,11,-9,0,0,2,0,1,0
111048,2,8,0,0,4,0,0,0,4,19,4,0,0,0,5,1,0
111056,-1,1,0,2,1,5,0,3,2,1,-1,2,0,3,0,0,0
111124,1,5,0,2,1,4,0,2,2,3,0,0,0,2,0,2,0
111144,1,7,0,2,2,4,0,3,3,3,0,1,0,2,0,2,0
111151,1,6,0,3,2,4,0,2,3,3,1,1,0,2,0,2,0
111181,-1,4,0,0,1,0,0,1,0,1,-1,0,0,0,0,0,0
111207,-1,4,0,0,0,0,0,1,0,0,-1,0,0,0,0,0,0
111233,1,4,0,2,2,4,0,1,3,2,2,1,1,2,0,2,0
111238,1,5,0,2,1,4,0,0,2,3,2,0,0,2,0,2,0
111241,1,5,0,2,1,4,0,0,2,3,2,0,0,2,0,2,0
111264,1,4,1,3,1,4,0,1,2,3,1,0,0,2,0,2,0
111265,1,4,0,3,2,4,0,0,3,3,3,1,0,2,0,2,0
111267,1,5,0,2,1,4,0,0,2,3,2,0,0,2,0,2,0
111268,1,4,1,2,2,4,0,0,3,3,3,1,0,2,0,2,0
111270,1,4,1,2,1,4,0,0,2,3,2,0,0,2,0,2,0
111273,1,5,0,2,2,7,0,2,3,2,1,1,0,2,0,2,0
111275,1,4,0,2,2,4,0,1,3,2,2,1,1,2,0,2,0
111281,1,4,0,3,3,4,0,1,3,3,2,1,0,2,0,2,0
111284,1,6,0,2,2,4,0,2,3,4,1,0,0,2,0,2,0
111308,1,4,0,3,3,4,0,1,3,3,2,1,0,2,0,2,0
111321,2,5,0,2,1,6,0,10,2,12,-8,0,0,2,0,1,0
111335,1,6,0,2,1,4,0,2,2,3,0,0,0,2,0,2,0
111357,1,5,0,2,3,4,0,0,4,3,4,1,0,2,0,2,0
111381,1,5,0,2,3,4,0,0,4,3,4,1,0,2,0,2,0
111460,-1,0,0,0,2,0,0,0,0,0,0,0,0,5,0,0,0
111539,-1,0,0,0,2,0,0,0,0,0,0,0,0,6,0,0,0
111594,-1,0,0,0,1,2,0,1,4,3,3,1,0,2,0,0,0
111667,-1,2,0,0,0,1,0,0,2,10,2,0,0,12,1,0,0
111690,-1,2,0,0,0,1,0,0,2,1,2,2,0,2,1,0,0
111966,-1,2,0,0,0,1,0,0,2,1,2,2,0,2,1,0,0
112942,-1,23,0,0,5,1,0,0,7,2,7,3,0,6,0,1,0
112952,-1,5,0,0,5,1,0,3,7,1,4,7,0,5,0,0,0
112954,-1,25,8,19,6,2,0,3,8,2,5,4,0,6,0,1,0
112987,1,15,0,0,6,2,0,0,7,3,7,2,0,6,0,2,0
113477,-1,4,0,0,6,12,0,0,3,0,3,3,0,2,0,1,0
113725,-1,0,0,1,4,0,1,0,7,1,7,7,0,12,6,0,0
113767,-1,6,0,0,2,8,0,1,2,2,1,1,0,6,0,0,0
114065,2,16,0,2,1,10,0,2,2,8,0,0,0,5,0,1,0
114531,-1,2,0,0,3,12,0,2,0,1,-2,0,0,6,0,1,0
114704,-1,1,0,1,3,5,0,0,2,0,2,2,0,2,0,0,0
114950,-1,6,0,0,17,0,0,0,15,1,15,15,0,6,3,1,0
114959,-1,6,0,0,18,0,0,0,16,1,16,16,0,4,3,1,0
115303,-1,0,0,0,1,1,0,0,0,0,0,0,0,1,0,0,0
115417,-1,0,0,0,1,1,0,0,0,0,0,0,0,1,0,0,0
115843,-1,0,0,0,4,3,0,0,4,2,4,2,0,1,0,0,0
116006,-1,0,0,0,6,5,0,0,5,15,5,0,0,1,0,0,0
116268,-1,1,0,1,6,0,0,0,8,2,8,4,0,1,0,0,0
117652,-1,8,1,3,11,0,0,0,6,0,6,6,0,3,0,1,0
117788,-1,0,0,0,5,0,0,0,3,0,3,3,0,3,0,0,0
117918,-1,0,2,1,5,1,0,0,22,4,22,5,0,4,0,0,0
117992,-1,6,0,0,17,0,0,0,15,1,15,15,0,6,3,1,0
